Company,TypeName,OpSys,Resolution_Width,Resolution_Height,Pixels,IPS,Touchscreen,Inches,Weight,Ram,Memory_SSD,Memory_HDD,Memory_Hybrid,Memory_Flash,Gpu_Nvidia,Gpu_AMD,Gpu_Intel,Gpu_ARM,Cpu_Intel,Cpu_AMD,Cpu_Samsung,Cpu_GHz,Price
Apple,Ultrabook,macOS,2560,1600,4096000,1,0,13.3,1.37,8,128,0,0,0,0,0,1,0,1,0,0,2.3,71378.6832
Apple,Ultrabook,macOS,1440,900,1296000,0,0,13.3,1.34,8,0,0,0,128,0,0,1,0,1,0,0,1.8,47895.5232
HP,Notebook,No OS,1920,1080,2073600,0,0,15.6,1.86,8,256,0,0,0,0,0,1,0,1,0,0,2.5,30636.0
Apple,Ultrabook,macOS,2880,1800,5184000,1,0,15.4,1.83,16,512,0,0,0,0,1,0,0,1,0,0,2.7,135195.336
Apple,Ultrabook,macOS,2560,1600,4096000,1,0,13.3,1.37,8,256,0,0,0,0,0,1,0,1,0,0,3.1,96095.808
Acer,Notebook,Windows 10,1366,768,1049088,0,0,15.6,2.1,4,0,500,0,0,0,1,0,0,0,1,0,3.0,21312.0
Apple,Ultrabook,Mac OS X,2880,1800,5184000,1,0,15.4,2.04,16,0,0,0,256,0,0,1,0,1,0,0,2.2,114017.6016
Apple,Ultrabook,macOS,1440,900,1296000,0,0,13.3,1.34,8,0,0,0,256,0,0,1,0,1,0,0,1.8,61735.536
Asus,Ultrabook,Windows 10,1920,1080,2073600,0,0,14.0,1.3,16,512,0,0,0,1,0,0,0,1,0,0,1.8,79653.6
Acer,Ultrabook,Windows 10,1920,1080,2073600,1,0,14.0,1.6,8,256,0,0,0,0,0,1,0,1,0,0,1.6,41025.6
HP,Notebook,No OS,1366,768,1049088,0,0,15.6,1.86,4,0,500,0,0,0,0,1,0,1,0,0,2.5,20986.992
HP,Notebook,No OS,1920,1080,2073600,0,0,15.6,1.86,4,0,500,0,0,0,0,1,0,1,0,0,2.0,18381.0672
Apple,Ultrabook,macOS,2880,1800,5184000,1,0,15.4,1.83,16,256,0,0,0,0,1,0,0,1,0,0,2.8,130001.6016
Dell,Notebook,Windows 10,1920,1080,2073600,0,0,15.6,2.2,4,256,0,0,0,0,1,0,0,1,0,0,2.0,26581.392
Apple,Ultrabook,macOS,2304,1440,3317760,1,0,12.0,0.92,8,256,0,0,0,0,0,1,0,1,0,0,1.2,67260.672
Apple,Ultrabook,macOS,2560,1600,4096000,1,0,13.3,1.37,8,256,0,0,0,0,0,1,0,1,0,0,2.3,80908.344
Dell,Notebook,Windows 10,1920,1080,2073600,0,0,15.6,2.2,8,256,0,0,0,0,1,0,0,1,0,0,2.7,39693.6
Apple,Ultrabook,macOS,2880,1800,5184000,1,0,15.4,1.83,16,512,0,0,0,0,1,0,0,1,0,0,2.9,152274.24
Lenovo,Notebook,No OS,1920,1080,2073600,0,0,15.6,2.2,8,0,1024,0,0,1,0,0,0,1,0,0,2.4,26586.72
Dell,Ultrabook,Windows 10,1920,1080,2073600,1,1,13.3,1.22,8,128,0,0,0,0,0,1,0,1,0,0,1.6,52161.12
Asus,Netbook,Windows 10,1366,768,1049088,0,0,11.6,0.98,2,0,0,0,32,0,0,1,0,1,0,0,1.44,10224.432
Lenovo,Gaming,Windows 10,1920,1080,2073600,1,0,15.6,2.5,8,128,1024,0,0,1,0,0,0,1,0,0,2.5,53226.72
HP,Notebook,No OS,1366,768,1049088,0,0,15.6,1.86,4,0,500,0,0,0,1,0,0,0,1,0,1.5,13746.24
Dell,2 in 1 Convertible,Windows 10,1920,1080,2073600,0,1,13.3,1.62,8,256,0,0,0,0,0,1,0,1,0,0,1.6,43636.32
HP,Ultrabook,Windows 10,1920,1080,2073600,0,0,15.6,1.91,8,256,0,0,0,0,0,1,0,1,0,0,1.8,35111.52
Dell,Notebook,Windows 10,1366,768,1049088,0,0,15.6,2.3,4,0,1024,0,0,0,0,1,0,1,0,0,2.0,22305.1392
Apple,Ultrabook,Mac OS X,1440,900,1296000,0,0,13.3,1.35,8,0,0,0,128,0,0,1,0,1,0,0,1.6,58554.72
Dell,Notebook,Windows 10,1920,1080,2073600,0,0,15.6,2.2,8,256,0,0,0,0,1,0,0,1,0,0,1.6,42624.0
Dell,Ultrabook,Windows 10,1920,1080,2073600,0,0,15.6,1.88,8,512,0,0,0,0,0,1,0,1,0,0,1.9,69157.44
HP,Notebook,Windows 10,1920,1080,2073600,0,0,17.3,2.5,8,0,1024,0,0,1,0,0,0,1,0,0,1.6,47738.88
Chuwi,Notebook,Windows 10,1920,1080,2073600,0,0,15.6,1.89,4,0,0,0,64,0,0,1,0,1,0,0,1.44,13053.0672
Asus,Notebook,Windows 10,1366,768,1049088,0,0,14.0,1.65,2,0,0,0,32,0,1,0,0,0,1,0,1.5,10602.72
HP,Notebook,Windows 10,1920,1080,2073600,0,0,17.3,2.71,4,0,500,0,0,0,1,0,0,0,1,0,2.5,23389.92
Dell,Ultrabook,Windows 10,3200,1800,5760000,0,1,13.3,1.2,16,512,0,0,0,0,0,1,0,1,0,0,1.8,99580.32
Apple,Ultrabook,Mac OS X,1440,900,1296000,0,0,13.3,1.35,8,0,0,0,256,0,0,1,0,1,0,0,1.6,53173.44
Lenovo,Notebook,Windows 10,1366,768,1049088,0,0,14.0,1.44,4,0,0,0,64,0,0,1,0,1,0,0,1.1,13266.72
Acer,Notebook,Linux,1366,768,1049088,0,0,15.6,2.1,4,0,1024,0,0,0,0,1,0,1,0,0,2.7,19553.76
Dell,Notebook,Windows 10,1920,1080,2073600,1,0,17.3,2.8,8,128,1024,0,0,0,1,0,0,1,0,0,1.6,52161.12
HP,Notebook,Windows 10,1366,768,1049088,0,0,15.6,1.86,4,0,1024,0,0,0,0,1,0,1,0,0,2.5,26037.4032
HP,Notebook,Windows 10,1920,1080,2073600,0,0,15.6,2.1,8,256,0,0,0,1,0,0,0,1,0,0,1.6,46833.12
Asus,Notebook,Linux,1920,1080,2073600,0,0,15.6,2.0,4,0,1024,0,0,0,0,1,0,1,0,0,2.0,20725.92
Dell,Gaming,Windows 10,1920,1080,2073600,1,0,15.6,2.65,16,256,1024,0,0,1,0,0,0,1,0,0,2.8,79866.72
Asus,Notebook,Linux,1366,768,1049088,0,0,15.6,2.3,8,0,1024,0,0,1,0,0,0,1,0,0,2.5,27864.9072
Acer,Notebook,Windows 10,1920,1080,2073600,1,0,15.6,2.2,4,256,0,0,0,0,0,1,0,1,0,0,1.6,36336.96
Dell,2 in 1 Convertible,Windows 10,1920,1080,2073600,0,1,17.3,2.77,12,0,1024,0,0,1,0,0,0,1,0,0,1.6,53226.72
Apple,Ultrabook,macOS,2560,1600,4096000,1,0,13.3,1.37,8,256,0,0,0,0,0,1,0,1,0,0,2.0,75604.32
Lenovo,Notebook,No OS,1366,768,1049088,0,0,15.6,2.2,4,128,0,0,0,0,0,1,0,1,0,0,2.0,19660.32
Asus,Gaming,Windows 10,1920,1080,2073600,0,0,17.3,3.2,8,256,1024,0,0,0,1,0,0,0,1,0,3.0,69210.72
Dell,Notebook,Windows 10,1920,1080,2073600,0,0,15.6,2.3,4,256,0,0,0,0,1,0,0,1,0,0,2.5,34045.92
Asus,Notebook,Windows 10,1366,768,1049088,0,0,17.3,2.8,4,0,1024,0,0,1,0,0,0,1,0,0,1.1,24828.48
Lenovo,2 in 1 Convertible,Android,1920,1200,2304000,1,1,10.1,0.69,4,0,0,0,64,0,0,1,0,1,0,0,1.44,16996.32
Acer,Notebook,Windows 10,1920,1080,2073600,1,0,15.6,2.2,8,256,0,0,0,1,0,0,0,1,0,0,1.8,44808.48
HP,Notebook,Windows 10,1920,1080,2073600,0,0,15.6,1.86,4,256,0,0,0,0,1,0,0,0,1,0,2.5,21231.5472
HP,Notebook,Windows 10,1920,1080,2073600,0,0,13.3,1.49,8,512,0,0,0,0,0,1,0,1,0,0,1.8,58767.84
Acer,Notebook,Windows 10,1366,768,1049088,0,0,15.6,2.4,4,0,1024,0,0,0,0,1,0,1,0,0,2.4,20459.52
Dell,Notebook,Windows 10,1920,1080,2073600,0,0,15.6,2.13,8,256,0,0,0,0,1,0,0,1,0,0,1.8,40908.384
HP,Notebook,Windows 10,1920,1080,2073600,0,0,15.6,1.91,4,128,0,0,0,0,0,1,0,1,0,0,2.0,23389.92
Asus,Notebook,Windows 10,1366,768,1049088,0,0,15.6,2.0,4,256,0,0,0,0,0,1,0,1,0,0,2.5,31232.2032
MSI,Gaming,Windows 10,1920,1080,2073600,0,0,17.3,2.43,16,256,2048,0,0,1,0,0,0,1,0,0,2.8,130482.72
Asus,Notebook,Linux,1920,1080,2073600,0,0,15.6,2.0,4,256,0,0,0,0,0,1,0,1,0,0,2.0,22111.2
Dell,Notebook,Windows 10,1920,1080,2073600,0,0,17.3,2.8,16,256,2048,0,0,0,1,0,0,1,0,0,1.8,69210.72
Dell,Ultrabook,Windows 10,1920,1080,2073600,0,0,14.0,1.7,8,256,0,0,0,0,0,1,0,1,0,0,1.6,46833.12
Lenovo,Notebook,No OS,1920,1080,2073600,1,0,14.0,1.7,8,256,0,0,0,0,0,1,0,1,0,0,2.7,31914.72
Asus,Notebook,Windows 10,1920,1080,2073600,0,0,14.0,1.4,8,256,0,0,0,0,0,1,0,1,0,0,1.6,50136.48
HP,Notebook,Windows 10,1920,1080,2073600,0,0,15.6,1.86,8,256,0,0,0,0,0,1,0,1,0,0,2.5,36763.2
Asus,Ultrabook,Windows 10,1920,1080,2073600,0,0,15.6,1.8,16,512,0,0,0,1,0,0,0,1,0,0,2.8,105654.24
HP,Notebook,Windows 10,1366,768,1049088,0,0,15.6,1.86,4,0,500,0,0,0,1,0,0,1,0,0,2.0,23373.4032
HP,Notebook,Windows 10,1366,768,1049088,0,0,14.0,1.44,4,32,0,0,0,0,0,1,0,1,0,0,1.6,12201.12
Lenovo,Notebook,Windows 10,1920,1080,2073600,0,0,15.6,1.9,4,0,1024,0,0,0,0,1,0,1,0,0,2.5,29250.72
Asus,Gaming,Linux,1920,1080,2073600,0,0,17.3,3.0,12,0,1024,0,0,1,0,0,0,1,0,0,2.8,50562.72
Microsoft,Ultrabook,Windows 10 S,2256,1504,3393024,0,1,13.5,1.252,4,128,0,0,0,0,0,1,0,1,0,0,2.5,58021.92
Dell,Ultrabook,Windows 10,1920,1080,2073600,1,0,13.3,1.4,8,256,0,0,0,0,1,0,0,1,0,0,1.8,50882.4
Dell,Notebook,Windows 10,1920,1080,2073600,0,0,15.6,2.2,8,256,0,0,0,0,1,0,0,1,0,0,1.8,46353.6
MSI,Gaming,Windows 10,1920,1080,2073600,0,0,17.3,2.7,8,128,1024,0,0,1,0,0,0,1,0,0,2.5,58341.6
Acer,Notebook,Windows 10,1366,768,1049088,0,0,14.0,2.1,8,0,1024,0,0,0,0,1,0,1,0,0,2.0,20725.92
Asus,Gaming,Windows 10,1920,1080,2073600,0,0,15.6,2.2,8,0,1024,0,0,1,0,0,0,1,0,0,2.8,50562.72
Lenovo,Notebook,No OS,1920,1080,2073600,0,0,15.6,2.2,8,0,2048,0,0,0,0,1,0,1,0,0,2.5,27652.32
Dell,Notebook,Windows 10,1920,1080,2073600,0,0,15.6,2.02,8,128,1024,0,0,0,0,1,0,1,0,0,1.8,45554.4
Acer,Notebook,Windows 10,1920,1080,2073600,0,0,15.6,2.2,4,0,1024,0,0,1,0,0,0,1,0,0,2.7,28238.4
HP,Notebook,Windows 10,1920,1080,2073600,0,0,17.3,2.5,8,128,1024,0,0,1,0,0,0,1,0,0,1.6,52054.56
Dell,Ultrabook,Windows 10,1920,1080,2073600,1,0,15.6,1.88,8,256,0,0,0,0,0,1,0,1,0,0,1.6,58403.4048
Apple,Ultrabook,macOS,2304,1440,3317760,1,0,12.0,0.92,8,512,0,0,0,0,0,1,0,1,0,0,1.3,80452.8
HP,Notebook,Windows 10,1920,1080,2073600,0,0,14.0,1.63,8,256,0,0,0,0,0,1,0,1,0,0,1.6,45820.8
Lenovo,Notebook,Windows 10,1920,1080,2073600,0,0,15.6,2.2,4,128,0,0,0,0,1,0,0,0,1,0,2.5,21258.72
Acer,Notebook,Windows 10,1366,768,1049088,0,0,15.6,2.1,4,0,1024,0,0,0,1,0,0,0,1,0,3.0,21045.6
Dell,Gaming,Windows 10,1920,1080,2073600,1,0,15.6,2.65,16,128,1024,0,0,1,0,0,0,1,0,0,2.8,71874.72
HP,Ultrabook,Windows 10,1920,1080,2073600,1,0,15.6,1.83,8,256,0,0,0,1,0,0,0,1,0,0,1.8,37242.72
HP,Notebook,Windows 10,1920,1080,2073600,0,0,15.6,1.96,8,256,0,0,0,0,0,1,0,1,0,0,2.5,31914.1872
Asus,Gaming,Windows 10,1920,1080,2073600,1,0,15.6,2.2,16,128,1024,0,0,1,0,0,0,1,0,0,2.8,77202.72
Dell,Ultrabook,Windows 10,1920,1080,2073600,1,0,13.3,1.21,8,256,0,0,0,0,0,1,0,1,0,0,1.8,87858.72
Asus,Gaming,Windows 10,1920,1080,2073600,0,0,15.6,2.45,8,0,1024,0,0,0,1,0,0,0,1,0,3.0,37242.72
Acer,Notebook,Windows 10,1920,1080,2073600,0,0,15.6,2.2,8,0,1024,0,0,1,0,0,0,1,0,0,1.8,36709.92
HP,Notebook,Windows 10,1920,1080,2073600,0,0,13.3,1.49,16,512,0,0,0,0,0,1,0,1,0,0,1.8,63776.16
Dell,Gaming,Windows 10,1920,1080,2073600,0,0,15.6,2.65,8,256,0,0,0,1,0,0,0,1,0,0,2.5,63669.6
Asus,Ultrabook,Windows 10,1920,1080,2073600,0,0,14.0,1.25,8,256,0,0,0,0,0,1,0,1,0,0,2.7,55890.72
Acer,2 in 1 Convertible,Windows 10,1920,1080,2073600,1,1,13.3,1.5,8,256,0,0,0,0,0,1,0,1,0,0,1.6,45128.16
Dell,Notebook,Linux,1920,1080,2073600,0,0,15.6,2.2,8,0,1024,0,0,0,1,0,0,1,0,0,2.7,31962.672
Dell,Notebook,Linux,1920,1080,2073600,0,0,15.6,2.2,4,256,0,0,0,0,1,0,0,1,0,0,2.0,25840.8
Asus,Notebook,Windows 10,1920,1080,2073600,0,0,15.6,2.0,6,256,0,0,0,1,0,0,0,1,0,0,2.4,30742.56
HP,Gaming,Windows 10,1920,1080,2073600,1,0,15.6,2.62,12,128,1024,0,0,1,0,0,0,1,0,0,2.8,66546.72
HP,Notebook,Windows 10,1920,1080,2073600,0,0,15.6,1.91,8,256,0,0,0,0,1,0,0,1,0,0,2.7,38308.32
HP,Notebook,Windows 10,1920,1080,2073600,0,0,15.6,2.1,4,0,500,0,0,0,1,0,0,0,1,0,1.5,18594.72
Dell,Notebook,Linux,1920,1080,2073600,0,0,15.6,2.2,8,0,1024,0,0,0,1,0,0,1,0,0,1.6,34472.16
HP,Ultrabook,Windows 10,1920,1080,2073600,1,0,13.3,1.38,8,256,0,0,0,1,0,0,0,1,0,0,2.7,59620.32
Microsoft,Ultrabook,Windows 10 S,2256,1504,3393024,0,1,13.5,1.252,8,256,0,0,0,0,0,1,0,1,0,0,2.5,71395.2
HP,Notebook,Windows 10,1920,1080,2073600,1,0,14.0,1.58,6,256,0,0,0,1,0,0,0,1,0,0,2.5,35111.52
Lenovo,Notebook,Windows 10,1920,1080,2073600,0,0,15.6,1.85,4,0,1024,0,0,0,0,1,0,1,0,0,2.0,22105.872
Asus,Ultrabook,Windows 10,1920,1080,2073600,1,0,14.0,1.3,8,256,0,0,0,1,0,0,0,1,0,0,2.7,63563.04
MSI,Gaming,Windows 10,1920,1080,2073600,0,0,15.6,2.2,16,256,1024,0,0,1,0,0,0,1,0,0,2.8,69210.72
Lenovo,Notebook,Windows 10,1920,1080,2073600,1,0,14.0,1.58,8,256,0,0,0,0,0,1,0,1,0,0,2.7,78854.4
Asus,Ultrabook,Windows 10,1920,1080,2073600,0,0,15.6,1.5,16,256,1024,0,0,1,0,0,0,1,0,0,1.8,67239.36
Dell,Ultrabook,Windows 10,3200,1800,5760000,0,1,13.3,1.23,8,256,0,0,0,0,0,1,0,1,0,0,2.4,73473.12
Lenovo,2 in 1 Convertible,Windows 10,1920,1080,2073600,1,1,13.3,1.37,8,256,0,0,0,0,0,1,0,1,0,0,2.5,74538.72
HP,Notebook,Windows 10,1366,768,1049088,1,0,14.0,1.63,4,0,500,0,0,0,0,1,0,1,0,0,1.6,38468.16
Dell,Ultrabook,Windows 10,1920,1080,2073600,1,0,13.3,1.21,8,256,0,0,0,0,0,1,0,1,0,0,1.6,86793.12
HP,2 in 1 Convertible,Windows 10,1920,1080,2073600,1,1,13.3,1.26,8,256,0,0,0,0,0,1,0,1,0,0,1.6,74538.1872
HP,Notebook,Windows 10,1920,1080,2073600,0,0,14.0,1.63,8,512,0,0,0,0,0,1,0,1,0,0,1.8,57755.52
Dell,Notebook,Windows 10,1920,1080,2073600,1,0,15.6,2.16,8,256,1024,0,0,1,0,0,0,1,0,0,1.8,60223.9824
Asus,Notebook,Windows 10,1920,1080,2073600,0,0,17.3,2.0,4,0,1024,0,0,1,0,0,0,1,0,0,2.0,30049.92
Asus,Notebook,Windows 10,1920,1080,2073600,0,0,15.6,1.7,8,256,0,0,0,1,0,0,0,1,0,0,1.8,59567.04
Acer,Notebook,Windows 10,1920,1080,2073600,1,1,15.6,2.1,6,0,1024,0,0,0,0,1,0,1,0,0,2.4,25521.12
MSI,Gaming,Windows 10,1920,1080,2073600,0,0,15.6,1.8,16,256,2048,0,0,1,0,0,0,1,0,0,2.8,119427.12
Lenovo,Notebook,No OS,1920,1080,2073600,0,0,15.6,2.2,8,256,0,0,0,1,0,0,0,1,0,0,2.5,33513.12
HP,Notebook,Windows 10,1920,1080,2073600,0,0,17.3,2.5,16,512,0,0,0,1,0,0,0,1,0,0,1.8,67718.88
Acer,Notebook,Windows 10,1366,768,1049088,0,0,15.6,2.1,4,256,0,0,0,0,1,0,0,0,1,0,3.0,24029.28
HP,Notebook,No OS,1366,768,1049088,0,0,15.6,1.86,4,0,500,0,0,0,0,1,0,1,0,0,1.6,13799.52
HP,Notebook,Windows 10,1920,1080,2073600,0,0,14.0,1.63,8,0,1024,0,0,0,0,1,0,1,0,0,1.6,43263.36
Asus,Notebook,Windows 10 S,1366,768,1049088,0,0,14.0,1.65,4,64,0,0,0,0,1,0,0,0,1,0,1.5,14811.3072
Dell,Notebook,Windows 10,1920,1080,2073600,0,0,17.3,2.8,16,256,2048,0,0,0,1,0,0,1,0,0,1.8,74378.88
HP,Notebook,Windows 10,1920,1080,2073600,0,0,17.3,2.5,8,256,0,0,0,0,0,1,0,1,0,0,1.6,49443.84
Dell,Notebook,Windows 10,1366,768,1049088,0,0,15.6,2.36,8,0,1024,0,0,0,1,0,0,1,0,0,2.5,34045.3872
Dell,Notebook,Windows 10,1920,1080,2073600,0,0,15.6,2.2,4,0,1024,0,0,0,1,0,0,1,0,0,2.0,23922.72
Acer,Ultrabook,Windows 10,1920,1080,2073600,1,0,14.0,1.6,8,256,0,0,0,0,0,1,0,1,0,0,1.8,47099.52
Acer,Notebook,Windows 10,1920,1080,2073600,0,0,15.6,2.2,4,256,0,0,0,1,0,0,0,1,0,0,2.7,30476.16
HP,Notebook,Windows 10,1366,768,1049088,0,0,15.6,2.05,8,0,1024,0,0,0,0,1,0,1,0,0,2.7,31861.44
HP,Notebook,Windows 10,1920,1080,2073600,0,0,14.0,1.63,8,256,0,0,0,0,0,1,0,1,0,0,1.8,52640.64
Lenovo,Notebook,No OS,1366,768,1049088,0,0,15.6,1.9,4,0,1024,0,0,0,0,1,0,1,0,0,1.1,13445.7408
Asus,Gaming,Windows 10,1920,1080,2073600,0,0,17.3,3.0,8,128,1024,0,0,1,0,0,0,1,0,0,2.5,49976.64
Lenovo,Notebook,No OS,1920,1080,2073600,0,0,15.6,2.2,4,0,1024,0,0,1,0,0,0,1,0,0,2.5,26586.72
HP,Notebook,Windows 10,1920,1080,2073600,1,0,13.3,1.32,4,256,0,0,0,0,0,1,0,1,0,0,2.5,37242.72
Acer,Notebook,Windows 10,1920,1080,2073600,1,0,17.3,3.0,4,0,1024,0,0,1,0,0,0,1,0,0,2.7,34898.4
Lenovo,Notebook,Windows 10,1920,1080,2073600,1,0,14.0,1.75,8,256,0,0,0,0,1,0,0,1,0,0,1.6,59461.5456
Lenovo,Gaming,No OS,1920,1080,2073600,1,0,15.6,2.4,8,256,0,0,0,1,0,0,0,1,0,0,2.8,46300.32
Toshiba,Notebook,Windows 10,1366,768,1049088,0,0,15.6,2.1,4,0,500,0,0,0,0,1,0,1,0,0,2.3,32074.56
HP,Notebook,Windows 10,1366,768,1049088,0,0,15.6,1.86,4,256,0,0,0,0,1,0,0,0,1,0,2.5,19660.32
Asus,Ultrabook,Windows 10,1920,1080,2073600,0,0,14.0,1.25,8,256,0,0,0,0,0,1,0,1,0,0,1.8,58554.72
HP,Ultrabook,Windows 10,3840,2160,8294400,1,1,12.5,0.97,8,512,0,0,0,0,0,1,0,1,0,0,1.2,107305.92
Asus,Notebook,Windows 10,1920,1080,2073600,0,0,15.6,2.0,4,0,1024,0,0,0,0,1,0,1,0,0,1.1,18328.32
MSI,Gaming,Windows 10,1920,1080,2073600,0,0,17.3,2.9,16,256,1024,0,0,1,0,0,0,1,0,0,2.8,108105.12
Acer,Notebook,Windows 10,1366,768,1049088,0,0,15.6,2.1,4,0,1024,0,0,0,0,1,0,1,0,0,2.0,23816.16
Dell,Gaming,Windows 10,1920,1080,2073600,0,0,15.6,2.56,16,512,0,0,0,1,0,0,0,1,0,0,2.8,66560.5728
Dell,Gaming,Windows 10,1920,1080,2073600,0,0,15.6,2.62,8,0,0,1024,0,1,0,0,0,1,0,0,2.8,47898.72
Lenovo,Notebook,Windows 10,1366,768,1049088,0,0,15.6,1.9,4,128,0,0,0,0,0,1,0,1,0,0,2.5,26533.44
MSI,Gaming,Windows 10,1920,1080,2073600,0,0,17.3,2.8,16,256,1024,0,0,1,0,0,0,1,0,0,2.8,100699.2
HP,Ultrabook,Windows 10,1920,1080,2073600,0,0,14.0,1.48,4,256,0,0,0,0,0,1,0,1,0,0,2.7,57648.96
HP,Notebook,Windows 10,1920,1080,2073600,0,0,15.6,1.91,6,256,0,0,0,0,1,0,0,1,0,0,1.6,32980.32
Lenovo,2 in 1 Convertible,Windows 10,1920,1080,2073600,1,1,14.0,1.74,4,256,0,0,0,0,0,1,0,1,0,0,2.4,33513.12
Asus,2 in 1 Convertible,Windows 10,1920,1080,2073600,0,1,13.3,1.1,8,256,0,0,0,0,0,1,0,1,0,0,1.6,70063.2
Dell,2 in 1 Convertible,Windows 10,1920,1080,2073600,0,1,15.6,1.56,8,256,0,0,0,0,0,1,0,1,0,0,1.8,55890.72
Toshiba,Notebook,Windows 10,1366,768,1049088,0,0,15.6,2.1,4,0,500,0,0,0,0,1,0,1,0,0,2.2,23816.16
Asus,Notebook,Windows 10,1366,768,1049088,0,0,15.6,2.03,4,0,1024,0,0,0,1,0,0,0,1,0,3.0,21471.84
Acer,Notebook,Windows 10,1920,1080,2073600,1,0,17.3,3.0,4,256,0,0,0,1,0,0,0,1,0,0,1.6,42890.4
Dell,Notebook,Windows 10,1920,1080,2073600,0,0,15.6,2.13,8,256,0,0,0,0,1,0,0,1,0,0,1.6,38787.84
Lenovo,Gaming,Windows 10,1920,1080,2073600,1,0,15.6,2.5,16,256,0,0,0,1,0,0,0,1,0,0,2.8,57489.12
Acer,Notebook,Windows 10,1366,768,1049088,0,0,15.6,2.1,4,0,1024,0,0,0,0,1,0,1,0,0,1.1,18541.44
MSI,Gaming,Windows 10,1920,1080,2073600,1,0,15.6,2.4,16,256,1024,0,0,1,0,0,0,1,0,0,2.8,95850.72
Acer,Notebook,Windows 10,1366,768,1049088,0,0,15.6,2.1,4,0,1024,0,0,0,0,1,0,1,0,0,1.1,19367.8128
Dell,Gaming,Windows 10,1920,1080,2073600,0,0,15.6,2.56,8,128,1024,0,0,1,0,0,0,1,0,0,2.8,56502.9072
Acer,Notebook,Windows 10,1920,1080,2073600,1,0,17.3,3.0,8,256,0,0,0,1,0,0,0,1,0,0,1.6,45501.12
HP,Notebook,Windows 10,1920,1080,2073600,1,0,13.3,1.49,4,0,500,0,0,0,0,1,0,1,0,0,1.6,40173.12
Huawei,Ultrabook,Windows 10,2160,1440,3110400,1,0,13.0,1.05,8,256,0,0,0,0,0,1,0,1,0,0,2.5,71874.72
HP,Notebook,Windows 10,1920,1080,2073600,1,0,17.3,2.71,6,0,2048,0,0,0,1,0,0,1,0,0,2.5,37242.72
Lenovo,Notebook,No OS,1366,768,1049088,0,0,15.6,2.2,4,0,500,0,0,0,1,0,0,0,1,0,2.9,16463.52
Toshiba,Notebook,Windows 10,1366,768,1049088,0,0,15.6,2.0,4,0,500,0,0,0,0,1,0,1,0,0,2.4,26053.92
HP,Notebook,Windows 10,1920,1080,2073600,0,0,17.3,2.5,8,256,0,0,0,1,0,0,0,1,0,0,1.6,49177.44
Dell,Notebook,Windows 10,1366,768,1049088,0,0,15.6,2.3,8,0,1024,0,0,0,0,1,0,1,0,0,2.4,24455.52
Acer,Notebook,Windows 10,1366,768,1049088,0,0,15.6,2.1,4,128,0,0,0,0,0,1,0,1,0,0,2.0,23922.72
MSI,Gaming,Windows 10,1920,1080,2073600,0,0,18.4,4.4,32,512,1024,0,0,1,0,0,0,1,0,0,2.9,149130.72
Lenovo,Notebook,Windows 10,1920,1080,2073600,0,0,15.6,1.9,8,128,1024,0,0,0,1,0,0,1,0,0,2.5,43316.64
HP,2 in 1 Convertible,Windows 10,3840,2160,8294400,1,1,13.3,1.29,8,256,0,0,0,0,0,1,0,1,0,0,1.6,79866.72
Dell,Notebook,Linux,1920,1080,2073600,0,0,15.6,2.02,16,256,2048,0,0,0,1,0,0,1,0,0,1.8,55890.72
Dell,Ultrabook,Windows 10,1920,1080,2073600,0,0,13.3,1.23,8,256,0,0,0,0,0,1,0,1,0,0,1.6,74538.72
Lenovo,2 in 1 Convertible,Windows 10,3840,2160,8294400,1,1,13.9,1.4,16,512,0,0,0,0,0,1,0,1,0,0,1.8,98514.72
Toshiba,Notebook,Windows 10,1366,768,1049088,0,0,15.6,2.0,8,128,0,0,0,0,0,1,0,1,0,0,2.5,42251.04
Xiaomi,Notebook,No OS,1920,1080,2073600,1,0,15.6,1.95,8,256,0,0,0,1,0,0,0,1,0,0,1.6,63882.72
Dell,Notebook,Windows 10,1920,1080,2073600,0,1,17.3,2.77,16,512,0,0,0,1,0,0,0,1,0,0,1.8,82530.72
Dell,Notebook,Windows 10,3840,2160,8294400,0,1,15.6,2.06,16,512,0,0,0,1,0,0,0,1,0,0,2.8,127712.16
Lenovo,Gaming,No OS,1920,1080,2073600,1,0,15.6,2.4,8,256,0,0,0,1,0,0,0,1,0,0,2.5,41505.12
Acer,Ultrabook,Windows 10,1920,1080,2073600,1,0,13.3,1.12,8,256,0,0,0,0,0,1,0,1,0,0,1.2,52693.92
Dell,Notebook,Windows 10,1920,1080,2073600,0,0,17.3,2.8,8,128,1024,0,0,0,1,0,0,1,0,0,1.8,57808.8
Lenovo,2 in 1 Convertible,Windows 10,2560,1440,3686400,0,1,14.0,1.42,16,1024,0,0,0,0,0,1,0,1,0,0,2.7,150462.72
Vero,Notebook,Windows 10,1920,1080,2073600,1,0,14.0,1.3,4,0,0,0,32,0,0,1,0,1,0,0,1.1,13852.8
Xiaomi,Ultrabook,No OS,1920,1080,2073600,1,0,13.3,1.3,8,256,0,0,0,1,0,0,0,1,0,0,2.5,53274.672
Lenovo,Notebook,No OS,1600,900,1440000,0,0,17.3,2.8,8,256,0,0,0,1,0,0,0,1,0,0,1.6,37189.44
Dell,2 in 1 Convertible,Windows 10,1920,1080,2073600,1,1,13.3,1.62,8,0,1024,0,0,0,0,1,0,1,0,0,1.8,44701.92
HP,Notebook,Windows 10,1920,1080,2073600,1,0,17.3,2.5,8,0,1024,0,0,1,0,0,0,1,0,0,1.6,48697.92
Razer,Gaming,Windows 10,3840,2160,8294400,0,1,17.3,3.49,32,1024,0,0,0,1,0,0,0,1,0,0,2.9,324954.72
HP,Notebook,Windows 10,1920,1080,2073600,0,0,13.3,1.49,8,512,0,0,0,0,0,1,0,1,0,0,1.6,51095.52
HP,Gaming,Windows 10,1920,1080,2073600,1,0,17.3,3.35,16,256,1024,0,0,1,0,0,0,1,0,0,2.8,73473.12
HP,Notebook,Windows 10,1920,1080,2073600,0,0,17.3,2.5,8,256,0,0,0,1,0,0,0,1,0,0,1.8,55677.6
Dell,Gaming,Windows 10,3840,2160,8294400,1,0,15.6,2.65,16,512,1024,0,0,1,0,0,0,1,0,0,2.8,98301.6
Lenovo,Notebook,Windows 10,1366,768,1049088,0,0,15.6,2.1,4,128,0,0,0,0,0,1,0,1,0,0,2.3,26267.04
Acer,Notebook,Windows 10,1920,1080,2073600,0,0,15.6,2.23,8,0,1024,0,0,1,0,0,0,1,0,0,2.7,39533.76
Lenovo,Gaming,Windows 10,1920,1080,2073600,1,0,15.6,3.2,16,512,1024,0,0,1,0,0,0,1,0,0,2.8,93186.72
Dell,Workstation,Windows 10,3840,2160,8294400,0,0,15.6,2.8,16,256,1024,0,0,1,0,0,0,1,0,0,3.0,162770.4
Lenovo,Gaming,No OS,1920,1080,2073600,0,0,15.6,2.4,16,512,0,0,0,1,0,0,0,1,0,0,2.8,74485.44
Dell,Notebook,Windows 10,1366,768,1049088,0,1,15.6,2.3,6,0,1024,0,0,0,0,1,0,1,0,0,2.4,23389.92
Dell,Ultrabook,Windows 10,3840,2160,8294400,1,1,13.3,1.21,8,256,0,0,0,0,0,1,0,1,0,0,1.8,103842.72
Dell,Ultrabook,Windows 10,1920,1080,2073600,0,0,13.3,1.2,8,256,0,0,0,0,0,1,0,1,0,0,1.8,77202.72
Lenovo,Notebook,Windows 10,1366,768,1049088,0,0,15.6,2.2,8,256,0,0,0,0,0,1,0,1,0,0,2.5,31808.16
Acer,Notebook,Linux,1920,1080,2073600,0,0,15.6,2.4,8,0,1024,0,0,1,0,0,0,1,0,0,2.8,41505.12
Asus,Gaming,Windows 10,1920,1080,2073600,0,0,17.3,2.9,16,256,1024,0,0,1,0,0,0,1,0,0,2.8,74964.96
HP,Notebook,No OS,1920,1080,2073600,0,0,15.6,2.1,4,0,500,0,0,0,0,1,0,1,0,0,2.0,18594.72
Lenovo,Notebook,No OS,1920,1080,2073600,0,0,15.6,2.2,8,256,0,0,0,0,0,1,0,1,0,0,2.5,29250.72
Huawei,Ultrabook,Windows 10,2160,1440,3110400,1,0,13.0,1.05,8,512,0,0,0,0,0,1,0,1,0,0,2.7,79866.72
Dell,Ultrabook,Windows 10,1920,1080,2073600,1,0,13.3,1.4,8,256,0,0,0,0,1,0,0,1,0,0,1.8,49650.5664
Lenovo,Notebook,No OS,1600,900,1440000,0,0,17.3,2.8,8,0,1024,0,0,1,0,0,0,1,0,0,2.5,31381.92
HP,Notebook,Windows 10,1920,1080,2073600,0,0,14.0,1.63,8,256,0,0,0,1,0,0,0,1,0,0,1.8,54931.68
Dell,Ultrabook,Windows 10,1920,1080,2073600,0,0,14.0,1.6,8,256,0,0,0,0,0,1,0,1,0,0,1.6,61218.72
Dell,2 in 1 Convertible,Windows 10,1920,1080,2073600,0,1,13.3,1.62,16,512,0,0,0,0,0,1,0,1,0,0,1.8,68145.12
Dell,Notebook,Linux,1920,1080,2073600,0,0,15.6,2.2,8,256,0,0,0,0,1,0,0,1,0,0,1.6,36089.208
Lenovo,2 in 1 Convertible,Windows 10,1920,1080,2073600,1,0,14.0,1.74,8,256,0,0,0,0,0,1,0,1,0,0,1.6,47898.72
Toshiba,Ultrabook,Windows 10,1920,1080,2073600,0,0,13.3,1.2,8,256,0,0,0,0,0,1,0,1,0,0,2.5,72620.64
HP,Notebook,Windows 10,1920,1080,2073600,0,0,15.6,2.1,8,0,1024,0,0,0,0,1,0,1,0,0,1.6,42304.32
Dell,Gaming,Windows 10,1920,1080,2073600,1,0,17.3,4.42,16,256,1024,0,0,1,0,0,0,1,0,0,2.8,130873.7952
Acer,Notebook,Windows 10,1920,1080,2073600,0,0,15.6,2.2,8,256,0,0,0,1,0,0,0,1,0,0,2.7,44328.96
Dell,Notebook,Windows 10,1920,1080,2073600,0,1,15.6,2.3,16,0,1024,0,0,0,1,0,0,1,0,0,2.7,45768.0528
Asus,Notebook,Windows 10,1920,1080,2073600,0,0,15.6,2.0,8,256,0,0,0,1,0,0,0,1,0,0,2.5,40972.32
Asus,Notebook,Windows 10,1920,1080,2073600,0,0,17.3,2.69,8,256,500,0,0,1,0,0,0,1,0,0,2.5,47472.48
HP,Notebook,Windows 10,1920,1080,2073600,0,0,15.6,1.9,8,0,1024,0,0,0,1,0,0,1,0,0,2.7,67612.32
Asus,Notebook,Windows 10,1366,768,1049088,0,0,15.6,2.37,4,0,1024,0,0,0,0,1,0,1,0,0,2.4,21258.1872
HP,Notebook,Windows 10,1366,768,1049088,0,0,15.6,2.1,4,0,500,0,0,0,1,0,0,0,1,0,1.5,17582.4
Lenovo,Gaming,Windows 10,1920,1080,2073600,1,0,15.6,3.2,16,256,1024,0,0,1,0,0,0,1,0,0,2.8,79866.72
Dell,Notebook,Windows 10,1920,1080,2073600,0,0,14.0,1.6,8,256,0,0,0,0,0,1,0,1,0,0,2.5,45767.52
Acer,2 in 1 Convertible,Windows 10,1920,1080,2073600,1,1,13.3,1.6,8,256,0,0,0,0,0,1,0,1,0,0,2.3,36709.92
Dell,Notebook,Linux,1920,1080,2073600,0,0,15.6,2.36,16,256,0,0,0,0,1,0,0,1,0,0,2.7,47898.72
Acer,Notebook,Linux,1366,768,1049088,0,0,15.6,2.1,4,0,1024,0,0,0,0,1,0,1,0,0,2.0,20779.2
Asus,Notebook,Windows 10,1920,1080,2073600,0,0,15.6,2.2,4,128,1024,0,0,0,1,0,0,0,1,0,2.5,30636.0
Asus,Gaming,Windows 10,1920,1080,2073600,0,0,17.3,4.7,32,512,1024,0,0,1,0,0,0,1,0,0,2.9,207259.2
Acer,Gaming,Windows 10,1920,1080,2073600,1,0,15.6,2.5,8,256,0,0,0,1,0,0,0,1,0,0,2.5,45074.88
Lenovo,Notebook,Windows 10,1366,768,1049088,0,0,15.6,2.2,8,128,0,0,0,0,0,1,0,1,0,0,2.0,31381.92
Asus,Notebook,Windows 10,1920,1080,2073600,0,0,17.3,2.1,8,128,1024,0,0,1,0,0,0,1,0,0,1.8,61005.6
Asus,Notebook,No OS,1920,1080,2073600,0,0,17.3,2.69,8,128,1024,0,0,1,0,0,0,1,0,0,2.7,47365.92
Dell,Gaming,Windows 10,1920,1080,2073600,0,0,15.6,2.56,8,256,0,0,0,1,0,0,0,1,0,0,2.5,46833.12
Lenovo,2 in 1 Convertible,Windows 10,1920,1080,2073600,1,1,13.9,1.38,8,256,0,0,0,0,0,1,0,1,0,0,2.7,57489.12
Dell,Notebook,Windows 10,1920,1080,2073600,0,0,15.6,2.2,8,128,2048,0,0,0,1,0,0,1,0,0,1.8,52480.8
HP,Notebook,Windows 10,1366,768,1049088,0,1,15.6,2.04,8,0,1024,0,0,0,0,1,0,1,0,0,2.5,29783.52
Asus,Gaming,Windows 10,1920,1080,2073600,0,0,17.3,3.6,16,256,0,0,0,1,0,0,0,1,0,0,2.9,159786.72
HP,Notebook,Windows 10,1920,1080,2073600,1,0,13.3,1.49,4,0,500,0,0,0,0,1,0,1,0,0,1.6,35964.0
Apple,Ultrabook,macOS,2560,1600,4096000,1,0,13.3,1.37,8,512,0,0,0,0,0,1,0,1,0,0,3.1,108691.2
Dell,2 in 1 Convertible,Windows 10,1920,1080,2073600,1,1,15.6,2.08,8,0,1024,0,0,0,0,1,0,1,0,0,1.8,43636.32
Asus,Gaming,Windows 10,1920,1080,2073600,0,0,17.3,4.3,16,256,1024,0,0,1,0,0,0,1,0,0,2.8,95850.72
Asus,Notebook,Windows 10,1366,768,1049088,0,0,15.6,1.68,4,0,1024,0,0,0,1,0,0,0,1,0,3.0,24988.32
Lenovo,2 in 1 Convertible,Windows 10,1920,1080,2073600,1,1,13.9,1.37,8,512,0,0,0,0,0,1,0,1,0,0,1.8,98514.72
Acer,Notebook,Windows 10,1920,1080,2073600,1,0,17.3,3.0,4,256,0,0,0,1,0,0,0,1,0,0,2.7,37402.56
Dell,Ultrabook,Windows 10,1920,1080,2073600,0,0,13.3,1.41,8,256,0,0,0,0,0,1,0,1,0,0,1.6,50562.72
HP,Notebook,Windows 10,1366,768,1049088,0,0,15.6,1.91,8,128,0,0,0,0,1,0,0,0,1,0,2.5,23757.552
HP,Notebook,Windows 10,1920,1080,2073600,1,0,17.3,2.9,16,0,1024,0,0,1,0,0,0,1,0,0,1.8,56423.52
MSI,Gaming,Windows 10,1920,1080,2073600,0,0,17.3,4.14,16,512,1024,0,0,1,0,0,0,1,0,0,2.8,133146.72
Lenovo,2 in 1 Convertible,Windows 10,1920,1080,2073600,1,1,15.6,2.0,8,512,0,0,0,1,0,0,0,1,0,0,2.8,90522.72
Dell,Notebook,Windows 10,1920,1080,2073600,0,0,17.3,2.8,8,128,1024,0,0,0,1,0,0,1,0,0,1.8,60845.76
Lenovo,Notebook,No OS,1920,1080,2073600,0,0,15.6,2.2,4,256,0,0,0,0,0,1,0,1,0,0,2.0,23656.32
HP,Notebook,Windows 10,1920,1080,2073600,1,0,15.6,2.1,4,0,500,0,0,0,0,1,0,1,0,0,1.6,38468.16
Dell,Notebook,Windows 10,1920,1080,2073600,0,0,15.6,2.18,4,0,1024,0,0,0,0,1,0,1,0,0,2.5,35004.96
Dell,Notebook,Windows 10,1920,1080,2073600,0,0,15.6,2.24,8,0,1024,0,0,0,1,0,0,1,0,0,2.5,30103.2
Dell,2 in 1 Convertible,Windows 10,1920,1080,2073600,0,1,15.6,2.67,8,256,0,0,0,0,0,1,0,1,0,0,1.6,42570.72
Asus,2 in 1 Convertible,Windows 10,1920,1080,2073600,0,1,13.3,1.1,8,1024,0,0,0,0,0,1,0,1,0,0,1.8,79866.72
Lenovo,Notebook,No OS,1920,1080,2073600,0,0,15.6,2.2,4,0,1024,0,0,0,0,1,0,1,0,0,2.5,24881.76
HP,Notebook,Windows 10,1920,1080,2073600,0,0,17.3,2.5,8,0,1024,0,0,1,0,0,0,1,0,0,1.8,54239.04
Lenovo,Notebook,Windows 10,1920,1080,2073600,0,0,15.6,2.05,8,256,0,0,0,0,0,1,0,1,0,0,1.8,46886.4
Apple,Ultrabook,macOS,2560,1600,4096000,1,0,13.3,1.37,8,512,0,0,0,0,0,1,0,1,0,0,2.9,104370.192
Asus,Gaming,Windows 10,1920,1080,2073600,0,0,17.3,3.2,16,256,1024,0,0,0,1,0,0,0,1,0,3.0,82530.72
Dell,Notebook,Linux,1920,1080,2073600,0,0,15.6,2.14,8,256,0,0,0,0,1,0,0,1,0,0,1.8,39164.5296
Lenovo,2 in 1 Convertible,Windows 10,2560,1440,3686400,0,1,14.0,1.36,16,512,0,0,0,0,0,1,0,1,0,0,2.6,133146.72
Toshiba,Notebook,Windows 10,1366,768,1049088,0,0,15.6,2.2,8,0,500,0,0,1,0,0,0,1,0,0,2.5,43263.36
Dell,Notebook,Windows 10,1366,768,1049088,0,0,15.6,2.3,12,0,1024,0,0,0,0,1,0,1,0,0,2.7,37992.3696
Dell,Notebook,Linux,1920,1080,2073600,0,0,17.3,2.8,8,128,1024,0,0,0,1,0,0,1,0,0,1.8,58554.72
Acer,Notebook,Windows 10,1920,1080,2073600,1,0,15.6,2.2,8,0,1024,0,0,1,0,0,0,1,0,0,1.8,39693.6
Lenovo,Notebook,Windows 10,1600,900,1440000,0,0,17.3,2.8,4,0,1024,0,0,0,0,1,0,1,0,0,2.0,26053.92
Lenovo,Notebook,No OS,1920,1080,2073600,0,0,17.3,2.8,8,0,2048,0,0,1,0,0,0,1,0,0,1.8,45234.72
Lenovo,Notebook,Windows 10,1600,900,1440000,0,0,17.3,2.8,6,128,1024,0,0,1,0,0,0,1,0,0,2.7,45767.52
Dell,Notebook,Linux,1920,1080,2073600,0,0,15.6,2.25,4,0,1024,0,0,0,1,0,0,1,0,0,2.0,22803.84
Lenovo,Gaming,Windows 10,1920,1080,2073600,1,0,15.6,2.5,8,256,0,0,0,1,0,0,0,1,0,0,2.5,44169.12
Lenovo,Notebook,Windows 10,1920,1080,2073600,0,0,15.6,2.2,6,256,0,0,0,0,0,1,0,1,0,0,2.5,30849.12
Acer,Notebook,Windows 10,1920,1080,2073600,1,0,15.6,3.0,8,256,0,0,0,1,0,0,0,1,0,0,1.8,50669.28
Acer,Notebook,Windows 10,1920,1080,2073600,1,1,15.6,2.15,12,0,1024,0,0,0,0,1,0,1,0,0,2.7,35111.52
Lenovo,Notebook,Windows 10,1920,1080,2073600,1,0,15.6,1.95,8,256,0,0,0,0,0,1,0,1,0,0,2.7,58448.16
Asus,Ultrabook,Windows 10,1920,1080,2073600,0,0,15.6,1.7,8,256,0,0,0,1,0,0,0,1,0,0,2.5,52054.56
Lenovo,Gaming,Windows 10,1920,1080,2073600,1,0,15.6,2.5,16,256,1024,0,0,1,0,0,0,1,0,0,2.8,62817.12
Lenovo,Notebook,No OS,1920,1080,2073600,0,0,15.6,2.2,8,0,1024,0,0,1,0,0,0,1,0,0,2.7,35112.0528
Acer,Notebook,Chrome OS,1366,768,1049088,0,0,15.6,2.19,2,16,0,0,0,0,0,1,0,1,0,0,1.5,10602.72
Asus,Gaming,Windows 10,1920,1080,2073600,0,0,17.3,3.0,8,0,1024,0,0,1,0,0,0,1,0,0,2.8,63243.36
HP,Notebook,Windows 10,1600,900,1440000,0,0,17.3,2.54,8,0,1024,0,0,0,0,1,0,1,0,0,2.0,26053.92
Dell,Notebook,Windows 10,1920,1080,2073600,0,0,15.6,2.0,8,256,0,0,0,1,0,0,0,1,0,0,2.8,97449.12
Lenovo,Notebook,Windows 10,1920,1080,2073600,0,0,15.6,2.05,8,256,0,0,0,0,0,1,0,1,0,0,1.6,39373.92
Lenovo,Gaming,Windows 10,1920,1080,2073600,1,0,15.6,3.2,8,0,1024,0,0,1,0,0,0,1,0,0,2.8,69210.72
Acer,Notebook,Linux,1920,1080,2073600,0,0,15.6,2.5,8,256,0,0,0,1,0,0,0,1,0,0,2.8,52161.12
Dell,Workstation,Windows 10,1920,1080,2073600,0,0,17.3,3.42,16,256,0,0,0,1,0,0,0,1,0,0,2.9,153705.3408
Lenovo,Notebook,Windows 10,1920,1080,2073600,0,0,15.6,2.4,6,0,1024,0,0,0,1,0,0,0,1,0,2.4,26586.72
Asus,Ultrabook,Windows 10,1920,1080,2073600,0,0,15.6,1.63,16,512,0,0,0,1,0,0,0,1,0,0,2.7,78215.04
Asus,Notebook,Windows 10,1366,768,1049088,0,0,14.0,1.3,4,128,0,0,0,0,0,1,0,1,0,0,2.4,27119.52
Asus,Gaming,Windows 10,1920,1080,2073600,0,0,17.3,2.9,16,256,1024,0,0,1,0,0,0,1,0,0,2.8,113060.16
Lenovo,Notebook,Windows 10,1600,900,1440000,0,0,17.3,2.8,6,0,1024,0,0,1,0,0,0,1,0,0,2.5,34578.72
Lenovo,Notebook,No OS,1366,768,1049088,0,0,15.6,2.2,8,0,2048,0,0,1,0,0,0,1,0,0,2.5,29250.72
Asus,Gaming,Windows 10,1920,1080,2073600,0,0,15.6,2.5,8,128,1024,0,0,1,0,0,0,1,0,0,2.8,67399.2
Lenovo,Notebook,No OS,1366,768,1049088,0,0,15.6,2.2,4,0,1024,0,0,0,0,1,0,1,0,0,1.1,19180.2672
HP,2 in 1 Convertible,Windows 10,1920,1080,2073600,0,1,13.3,1.28,16,256,0,0,0,0,0,1,0,1,0,0,2.8,105228.0
Toshiba,Notebook,Windows 10,1920,1080,2073600,1,0,15.6,2.2,8,256,0,0,0,1,0,0,0,1,0,0,2.5,55571.04
Lenovo,Notebook,Windows 10,1920,1080,2073600,0,0,15.6,2.3,8,128,1024,0,0,1,0,0,0,1,0,0,2.5,43636.32
HP,Notebook,Windows 10,1920,1080,2073600,0,0,15.6,1.86,4,0,1024,0,0,0,0,1,0,1,0,0,2.0,24988.32
Lenovo,Notebook,Windows 10,1920,1080,2073600,1,0,13.3,1.1,8,256,0,0,0,0,0,1,0,1,0,0,2.5,53226.72
Dell,Ultrabook,Windows 10,3840,2160,8294400,1,1,13.3,1.21,16,1024,0,0,0,0,0,1,0,1,0,0,1.8,133146.72
MSI,Gaming,Windows 10,1920,1080,2073600,1,0,15.6,2.8,16,256,1024,0,0,1,0,0,0,1,0,0,2.8,111834.72
Acer,Notebook,Windows 10,1920,1080,2073600,0,0,15.6,2.23,8,256,0,0,0,0,1,0,0,0,1,0,2.2,24988.32
Asus,2 in 1 Convertible,Windows 10,1366,768,1049088,0,1,11.6,1.1,2,0,0,0,32,0,0,1,0,1,0,0,1.1,14652.0
Dell,Notebook,Windows 10,1920,1080,2073600,0,0,15.6,2.33,8,128,1024,0,0,0,1,0,0,1,0,0,1.6,44968.32
HP,2 in 1 Convertible,Windows 10,3840,2160,8294400,1,1,13.3,1.29,16,1024,0,0,0,0,0,1,0,1,0,0,1.8,130482.72
Lenovo,Notebook,Chrome OS,1366,768,1049088,0,0,13.3,1.45,4,0,0,0,16,0,0,1,0,1,0,0,1.6,24503.472
HP,Notebook,Windows 10,1920,1080,2073600,0,0,14.0,1.95,8,256,0,0,0,0,0,1,0,1,0,0,2.5,52214.4
Acer,Notebook,Windows 10,1366,768,1049088,0,0,11.6,1.4,4,0,0,0,128,0,0,1,0,1,0,0,1.6,25840.8
HP,Notebook,Windows 10,1920,1080,2073600,0,0,14.0,1.48,8,256,0,0,0,0,0,1,0,1,0,0,2.7,68837.76
Lenovo,Notebook,Windows 10,1600,900,1440000,0,0,17.3,2.79,4,0,1024,0,0,1,0,0,0,1,0,0,2.5,31381.92
Asus,Notebook,Windows 10,1920,1080,2073600,0,0,14.0,2.0,8,256,0,0,0,0,0,1,0,1,0,0,2.7,58288.32
HP,Notebook,Windows 10,1366,768,1049088,1,0,15.6,2.1,8,0,1024,0,0,0,0,1,0,1,0,0,1.8,48058.56
Acer,Notebook,Windows 10,1366,768,1049088,0,0,15.6,2.2,8,256,0,0,0,0,1,0,0,0,1,0,2.7,35111.52
Lenovo,Notebook,Windows 10,1366,768,1049088,0,0,14.0,1.44,4,0,0,0,32,0,0,1,0,1,0,0,1.1,15557.76
Acer,Notebook,Windows 10,1366,768,1049088,0,0,15.6,2.23,6,0,1024,0,0,0,0,1,0,1,0,0,2.5,29250.72
Asus,Ultrabook,Windows 10,1920,1080,2073600,0,0,15.6,1.7,8,256,0,0,0,1,0,0,0,1,0,0,2.7,55938.672
HP,Ultrabook,Windows 10,1920,1080,2073600,0,0,12.5,1.26,8,256,0,0,0,0,0,1,0,1,0,0,2.7,71128.8
Dell,Notebook,Windows 10,3840,2160,8294400,0,1,15.6,2.06,32,1024,0,0,0,1,0,0,0,1,0,0,2.8,140605.92
MSI,Gaming,Windows 10,1920,1080,2073600,0,0,17.3,2.7,8,256,1024,0,0,1,0,0,0,1,0,0,2.8,63882.72
Toshiba,Notebook,Windows 10,1920,1080,2073600,1,0,15.6,2.0,8,256,0,0,0,0,0,1,0,1,0,0,2.5,50243.04
Asus,Notebook,Windows 10,1920,1080,2073600,0,0,14.0,2.0,8,256,1024,0,0,0,0,1,0,1,0,0,2.7,71075.52
Lenovo,Notebook,Windows 10,1920,1080,2073600,0,0,15.6,1.85,4,0,1024,0,0,0,0,1,0,1,0,0,2.0,23922.72
Asus,Gaming,Windows 10,1920,1080,2073600,0,0,15.6,2.5,8,256,0,0,0,1,0,0,0,1,0,0,2.8,53226.72
HP,Notebook,Windows 10,1920,1080,2073600,0,0,14.0,1.48,8,256,0,0,0,0,0,1,0,1,0,0,2.6,67559.04
Dell,Ultrabook,Windows 10,1920,1080,2073600,1,0,15.6,1.9,8,128,1024,0,0,1,0,0,0,1,0,0,1.6,55890.72
HP,Notebook,Windows 10,1920,1080,2073600,0,0,15.6,1.84,8,256,0,0,0,0,0,1,0,1,0,0,2.5,60952.32
Asus,Notebook,Linux,1366,768,1049088,0,0,15.6,2.0,4,0,1024,0,0,0,0,1,0,1,0,0,1.1,14651.4672
Dell,Notebook,Windows 10,1920,1080,2073600,0,0,15.6,2.0,8,256,0,0,0,1,0,0,0,1,0,0,1.6,60885.72
Dell,Notebook,Linux,1366,768,1049088,0,0,15.6,2.2,4,0,500,0,0,0,0,1,0,1,0,0,1.6,14646.672
Lenovo,Notebook,Windows 10,1920,1080,2073600,0,0,15.6,2.2,12,0,2048,0,0,0,1,0,0,0,1,0,3.6,47898.72
HP,Notebook,Windows 10,1920,1080,2073600,1,0,15.6,2.1,8,0,1024,0,0,1,0,0,0,1,0,0,2.4,38148.48
Lenovo,2 in 1 Convertible,Windows 10,3840,2160,8294400,1,1,13.9,1.4,16,512,0,0,0,0,0,1,0,1,0,0,1.8,111834.72
Dell,Ultrabook,Windows 10,1920,1080,2073600,0,0,13.3,1.2,8,256,0,0,0,0,0,1,0,1,0,0,1.8,84129.12
Lenovo,Gaming,Windows 10,1920,1080,2073600,1,0,15.6,2.4,16,256,2048,0,0,1,0,0,0,1,0,0,2.8,60153.12
HP,Notebook,Windows 10,1366,768,1049088,0,0,14.0,1.44,2,0,0,0,32,0,0,1,0,1,0,0,1.6,14865.12
Dell,Ultrabook,Windows 10,1920,1080,2073600,0,0,15.6,1.88,16,768,0,0,0,0,0,1,0,1,0,0,1.9,85672.1088
Asus,2 in 1 Convertible,Windows 10,1366,768,1049088,0,1,11.6,1.5,4,0,0,0,32,0,0,1,0,1,0,0,1.1,19980.0
Dell,Ultrabook,Windows 10,1920,1080,2073600,0,0,15.6,1.9,8,0,1024,0,0,0,1,0,0,1,0,0,1.6,35324.64
Dell,Notebook,Windows 10,3840,2160,8294400,0,1,15.6,2.06,16,512,0,0,0,1,0,0,0,1,0,0,2.8,108020.9376
HP,Notebook,Windows 10,1920,1080,2073600,0,0,15.6,1.84,8,256,0,0,0,0,0,1,0,1,0,0,2.7,69477.12
MSI,Gaming,Windows 10,1920,1080,2073600,0,0,17.3,2.7,8,128,1024,0,0,1,0,0,0,1,0,0,2.8,75071.52
HP,Workstation,Windows 10,1920,1080,2073600,0,0,15.6,2.6,8,256,0,0,0,1,0,0,0,1,0,0,2.8,92615.0256
Toshiba,Notebook,Windows 10,1920,1080,2073600,1,0,15.6,2.4,16,512,0,0,0,1,0,0,0,1,0,0,2.5,74751.84
Dell,Notebook,Windows 10,1920,1080,2073600,0,0,15.6,2.02,8,128,2048,0,0,0,1,0,0,1,0,0,1.8,51729.552
Lenovo,Notebook,No OS,1366,768,1049088,0,0,15.6,2.2,4,0,1024,0,0,0,0,1,0,1,0,0,1.1,17155.6272
Dell,Gaming,Windows 10,1920,1080,2073600,0,0,15.6,2.65,8,0,1024,0,0,1,0,0,0,1,0,0,2.5,53226.72
Dell,Notebook,Windows 10,1366,768,1049088,0,1,15.6,2.36,8,0,2048,0,0,0,0,1,0,1,0,0,2.5,29696.6736
Dell,Notebook,Windows 10,1920,1080,2073600,0,0,14.0,1.36,8,256,0,0,0,0,0,1,0,1,0,0,2.6,76030.56
HP,Notebook,Windows 10,1366,768,1049088,0,0,15.6,1.86,4,0,500,0,0,0,0,1,0,1,0,0,2.0,23389.92
Asus,Notebook,Windows 10,1920,1080,2073600,0,0,14.0,2.0,8,256,0,0,0,0,0,1,0,1,0,0,2.5,50349.6
Lenovo,Notebook,Windows 10,1600,900,1440000,0,0,17.3,2.8,6,128,1024,0,0,1,0,0,0,1,0,0,2.5,38308.32
HP,Notebook,Windows 10,1920,1080,2073600,0,0,15.6,1.86,8,0,1024,0,0,0,0,1,0,1,0,0,2.5,34045.92
Lenovo,Notebook,No OS,1366,768,1049088,0,0,15.6,2.2,8,256,0,0,0,1,0,0,0,1,0,0,2.0,26586.72
HP,Notebook,Windows 10,1366,768,1049088,0,0,15.6,2.04,8,0,2048,0,0,0,0,1,0,1,0,0,1.6,20725.92
Dell,Notebook,Windows 10,1920,1080,2073600,0,0,17.3,2.8,8,128,1024,0,0,0,1,0,0,1,0,0,1.6,57808.8
Lenovo,Gaming,No OS,1920,1080,2073600,1,0,15.6,2.4,8,128,1024,0,0,1,0,0,0,1,0,0,2.5,43103.52
Dell,Notebook,Windows 10,1920,1080,2073600,0,0,15.6,2.33,8,256,0,0,0,0,1,0,0,1,0,0,2.7,47898.72
HP,Ultrabook,Windows 10,1920,1080,2073600,1,0,14.0,1.36,8,256,0,0,0,0,0,1,0,1,0,0,2.7,93240.0
Asus,2 in 1 Convertible,Windows 10,1920,1080,2073600,0,1,15.6,2.26,12,512,2048,0,0,1,0,0,0,1,0,0,2.7,58554.72
Acer,Notebook,Windows 10,1366,768,1049088,0,0,15.6,2.1,4,128,0,0,0,0,1,0,0,0,1,0,3.0,22697.28
Asus,Gaming,Windows 10,1920,1080,2073600,1,0,17.3,3.25,16,256,1024,0,0,0,1,0,0,0,1,0,3.0,117162.72
Lenovo,Notebook,Windows 10,1600,900,1440000,0,0,17.3,2.6,4,128,0,0,0,0,1,0,0,0,1,0,2.2,26053.92
Dell,2 in 1 Convertible,Windows 10,1920,1080,2073600,0,1,13.3,1.62,8,256,0,0,0,0,0,1,0,1,0,0,1.8,46300.8528
HP,Notebook,Windows 10,1920,1080,2073600,0,0,15.6,1.91,4,256,0,0,0,0,1,0,0,0,1,0,3.0,26053.3872
Lenovo,Netbook,Windows 10,1366,768,1049088,1,0,11.6,1.59,4,128,0,0,0,0,0,1,0,1,0,0,1.1,29463.84
Dell,Notebook,Windows 10,1366,768,1049088,0,0,15.6,1.8,4,0,500,0,0,0,0,1,0,1,0,0,1.6,16463.52
Asus,Notebook,Windows 10,1366,768,1049088,0,0,14.0,1.5,4,0,0,0,32,0,0,1,0,1,0,0,1.1,15238.08
Acer,Notebook,Linux,1920,1080,2073600,0,0,15.6,2.4,8,0,1024,0,0,1,0,0,0,1,0,0,2.8,45074.88
HP,Gaming,Windows 10,1920,1080,2073600,1,0,17.3,3.35,8,128,1024,0,0,1,0,0,0,1,0,0,2.8,63456.48
Lenovo,Notebook,No OS,1920,1080,2073600,0,0,15.6,1.85,4,128,0,0,0,0,0,1,0,1,0,0,2.0,21498.48
Asus,Gaming,Windows 10,1920,1080,2073600,1,0,15.6,2.3,8,128,1024,0,0,1,0,0,0,1,0,0,2.8,88178.4
Lenovo,Notebook,Windows 10,1920,1080,2073600,1,0,14.0,1.5,8,256,0,0,0,1,0,0,0,1,0,0,2.5,58554.72
Asus,Ultrabook,Windows 10,1920,1080,2073600,0,1,13.3,1.1,16,512,0,0,0,0,0,1,0,1,0,0,2.7,93181.392
Lenovo,Ultrabook,Windows 10,2560,1440,3686400,1,0,14.0,1.13,8,512,0,0,0,0,0,1,0,1,0,0,2.7,121584.96
Lenovo,Notebook,Windows 10,1920,1080,2073600,1,0,13.3,1.5,4,128,0,0,0,0,0,1,0,1,0,0,2.4,29250.72
Dell,Workstation,Windows 10,1920,1080,2073600,0,0,15.6,2.23,8,0,500,0,0,0,1,0,0,1,0,0,2.6,72940.32
Dell,Workstation,Windows 10,1920,1080,2073600,1,0,15.6,2.0,8,256,0,0,0,1,0,0,0,1,0,0,2.7,113752.8
Lenovo,2 in 1 Convertible,Windows 10,2560,1440,3686400,0,1,14.0,1.42,16,512,0,0,0,0,0,1,0,1,0,0,2.7,133679.52
Asus,Gaming,Windows 10,1920,1080,2073600,0,0,17.3,3.0,8,0,1024,0,0,1,0,0,0,1,0,0,2.8,55357.92
Asus,Gaming,Windows 10,1920,1080,2073600,0,0,17.3,3.0,16,256,1024,0,0,1,0,0,0,1,0,0,2.8,84768.48
Acer,Notebook,Windows 10,1366,768,1049088,1,0,15.6,2.2,12,0,1024,0,0,1,0,0,0,1,0,0,1.6,36975.7872
MSI,Gaming,Windows 10,1920,1080,2073600,0,0,17.3,2.7,8,256,0,0,0,1,0,0,0,1,0,0,2.8,71874.72
Dell,Notebook,Linux,1920,1080,2073600,0,0,15.6,2.33,8,256,0,0,0,0,1,0,0,1,0,0,2.7,41498.1936
HP,Ultrabook,Windows 10,1920,1080,2073600,0,0,15.6,1.91,4,256,0,0,0,0,1,0,0,0,1,0,3.0,26586.72
Lenovo,Notebook,Windows 10,1920,1080,2073600,1,0,15.6,2.1,8,256,0,0,0,0,1,0,0,1,0,0,1.8,65510.9568
Lenovo,Notebook,Windows 10,1920,1080,2073600,1,0,14.0,1.9,8,256,0,0,0,0,0,1,0,1,0,0,2.5,49976.64
Dell,Workstation,Windows 10,3840,2160,8294400,0,1,15.6,1.78,8,256,0,0,0,1,0,0,0,1,0,0,2.8,144495.36
Lenovo,Ultrabook,Windows 10,2560,1440,3686400,1,0,14.0,1.13,16,1024,0,0,0,0,0,1,0,1,0,0,2.7,139860.0
Lenovo,Notebook,Windows 10,1366,768,1049088,0,0,15.6,2.2,4,0,1024,0,0,0,0,1,0,1,0,0,1.1,16303.68
Asus,Gaming,Windows 10,1920,1080,2073600,0,0,17.3,2.9,16,256,1024,0,0,1,0,0,0,1,0,0,2.8,81465.12
Lenovo,Notebook,Windows 10,1920,1080,2073600,1,0,15.6,2.1,8,256,1024,0,0,0,1,0,0,1,0,0,1.6,60978.96
Acer,Notebook,Linux,1920,1080,2073600,0,0,15.6,2.5,8,256,0,0,0,1,0,0,0,1,0,0,2.8,46833.12
MSI,Gaming,Windows 10,1920,1080,2073600,0,0,17.3,2.8,16,256,1024,0,0,1,0,0,0,1,0,0,2.8,119826.72
Asus,Ultrabook,Windows 10,1920,1080,2073600,0,0,14.0,1.1,8,512,0,0,0,0,0,1,0,1,0,0,2.7,99793.44
Toshiba,Ultrabook,Windows 10,1920,1080,2073600,0,0,13.3,1.2,16,512,0,0,0,0,0,1,0,1,0,0,2.5,93080.16
Dell,Ultrabook,Windows 10,1920,1080,2073600,0,0,14.0,1.36,8,512,0,0,0,0,0,1,0,1,0,0,2.8,89510.4
Lenovo,Notebook,Windows 10,1920,1080,2073600,0,0,15.6,2.2,4,0,500,0,0,0,0,1,0,1,0,0,2.0,21791.52
Lenovo,Notebook,Windows 10,1366,768,1049088,0,0,11.6,1.15,2,0,0,0,32,0,0,1,0,1,0,0,1.1,16221.096
Lenovo,Workstation,Windows 10,1920,1080,2073600,0,0,15.6,2.67,8,512,0,0,0,1,0,0,0,1,0,0,2.8,102564.0
Lenovo,Ultrabook,Windows 10,2560,1440,3686400,1,0,14.0,1.7,8,512,0,0,0,1,0,0,0,1,0,0,2.8,103523.04
HP,Notebook,Windows 10,1920,1080,2073600,0,0,15.6,2.1,4,0,1024,0,0,0,1,0,0,1,0,0,2.0,24988.32
Acer,2 in 1 Convertible,Windows 10,1920,1080,2073600,1,1,13.3,1.6,8,256,0,0,0,0,0,1,0,1,0,0,2.5,42038.4528
Asus,2 in 1 Convertible,Windows 10,1920,1080,2073600,1,1,13.3,1.27,8,256,0,0,0,0,0,1,0,1,0,0,2.5,49443.84
Dell,Notebook,Linux,1920,1080,2073600,0,0,15.6,2.3,4,256,0,0,0,0,1,0,0,1,0,0,2.5,31909.392
Dell,Notebook,Windows 10,1366,768,1049088,0,0,13.3,1.65,4,128,0,0,0,0,0,1,0,1,0,0,2.0,36709.92
HP,Ultrabook,Windows 10,1920,1080,2073600,0,0,14.0,1.43,8,256,0,0,0,0,0,1,0,1,0,0,2.5,79920.0
Dell,Notebook,Windows 10,1366,768,1049088,0,0,15.6,2.14,8,0,1024,0,0,0,0,1,0,1,0,0,2.5,28768.536
Lenovo,Ultrabook,Windows 10,1920,1080,2073600,1,0,14.0,1.75,8,256,0,0,0,0,1,0,0,1,0,0,1.8,64755.4464
Lenovo,2 in 1 Convertible,Windows 10,3840,2160,8294400,1,1,15.6,2.0,16,512,0,0,0,1,0,0,0,1,0,0,2.8,101178.72
Chuwi,Notebook,Windows 10,2736,1824,4990464,1,0,12.3,1.4,6,0,0,0,64,0,0,1,0,1,0,0,1.1,23922.72
HP,Notebook,Windows 10,1920,1080,2073600,0,0,15.6,2.31,8,256,0,0,0,0,0,1,0,1,0,0,2.9,76030.56
Asus,Notebook,Linux,1920,1080,2073600,0,0,15.6,2.3,8,0,1024,0,0,1,0,0,0,1,0,0,2.4,31808.16
Dell,Gaming,Windows 10,2560,1440,3686400,1,0,17.3,4.42,16,256,1024,0,0,1,0,0,0,1,0,0,2.9,149130.72
Dell,Gaming,Windows 10,1920,1080,2073600,1,0,15.6,2.62,8,128,1024,0,0,1,0,0,0,1,0,0,2.8,61751.52
Dell,Notebook,Windows 10,1920,1080,2073600,0,0,15.6,2.02,8,256,2048,0,0,0,1,0,0,1,0,0,1.8,60867.072
Dell,Ultrabook,Linux,1920,1080,2073600,0,0,14.0,1.6,8,256,0,0,0,0,0,1,0,1,0,0,2.8,58554.72
HP,Gaming,Windows 10,1920,1080,2073600,0,0,17.3,3.35,12,256,1024,0,0,1,0,0,0,1,0,0,2.8,106506.72
Mediacom,2 in 1 Convertible,Windows 10,1920,1080,2073600,1,1,11.6,1.16,4,32,0,0,0,0,0,1,0,1,0,0,1.1,15930.72
Samsung,Netbook,Chrome OS,1366,768,1049088,0,0,11.6,1.15,4,0,0,0,16,0,0,1,0,1,0,0,1.6,14332.32
Lenovo,Notebook,Windows 10,1920,1080,2073600,1,0,13.3,1.4,8,256,0,0,0,0,0,1,0,1,0,0,2.7,53812.8
Lenovo,Notebook,Windows 10,1920,1080,2073600,1,0,14.0,1.7,4,128,0,0,0,0,0,1,0,1,0,0,2.7,31914.72
Lenovo,Workstation,Windows 10,3840,2160,8294400,1,0,15.6,2.3,16,512,0,0,0,1,0,0,0,1,0,0,2.8,130269.6
Lenovo,Notebook,Windows 10,1920,1080,2073600,0,0,15.6,2.5,16,512,0,0,0,1,0,0,0,1,0,0,2.9,130482.72
Asus,Gaming,Windows 10,1920,1080,2073600,0,0,17.3,3.2,8,256,1024,0,0,0,1,0,0,0,1,0,3.2,90309.6
HP,Notebook,Windows 10,1366,768,1049088,0,0,15.6,2.1,4,0,500,0,0,0,0,1,0,1,0,0,1.6,18488.16
Google,Ultrabook,Chrome OS,2400,1600,3840000,0,1,12.3,1.1,16,512,0,0,0,0,0,1,0,1,0,0,1.3,117162.72
Lenovo,Ultrabook,Windows 10,2560,1440,3686400,0,0,14.0,1.32,24,512,0,0,0,0,0,1,0,1,0,0,2.7,126912.96
Asus,Notebook,Linux,1920,1080,2073600,0,0,15.6,2.0,4,256,0,0,0,0,0,1,0,1,0,0,2.5,29783.52
Lenovo,Notebook,Windows 10,1600,900,1440000,0,0,17.3,2.8,8,0,1024,0,0,0,1,0,0,0,1,0,2.5,27652.32
Dell,Notebook,Windows 10,1920,1080,2073600,0,0,15.6,2.2,4,256,0,0,0,0,1,0,0,1,0,0,1.6,39906.72
Lenovo,Ultrabook,Windows 10,1920,1080,2073600,1,0,12.5,1.36,8,256,0,0,0,0,0,1,0,1,0,0,2.5,76137.12
Lenovo,Notebook,Windows 10,1920,1080,2073600,0,0,15.6,2.2,4,128,0,0,0,0,0,1,0,1,0,0,1.1,18594.72
HP,Gaming,Windows 10,1920,1080,2073600,1,0,15.6,2.2,8,128,1024,0,0,1,0,0,0,1,0,0,2.8,58554.72
Dell,Notebook,Windows 10,1920,1080,2073600,0,0,14.0,1.64,8,256,0,0,0,1,0,0,0,1,0,0,2.8,62817.12
Acer,Notebook,Linux,1366,768,1049088,0,0,15.6,2.4,4,0,500,0,0,0,0,1,0,1,0,0,2.5,23539.104
Dell,Workstation,Windows 10,1920,1080,2073600,0,0,15.6,2.23,8,0,1024,0,64,1,0,0,0,1,0,0,3.0,106187.04
MSI,Gaming,Windows 10,1920,1080,2073600,0,0,15.6,2.2,8,256,0,0,0,1,0,0,0,1,0,0,2.5,54757.9872
Microsoft,Ultrabook,Windows 10 S,2256,1504,3393024,0,1,13.5,1.25,16,512,0,0,0,0,0,1,0,1,0,0,2.5,137941.92
HP,Notebook,Windows 10,1366,768,1049088,0,0,15.6,1.91,8,128,0,0,0,0,0,1,0,1,0,0,2.5,31381.92
Dell,Workstation,Windows 10,1920,1080,2073600,1,0,15.6,2.17,16,256,0,0,0,1,0,0,0,1,0,0,2.7,105228.0
HP,Workstation,Windows 10,1920,1080,2073600,1,0,15.6,2.31,8,512,0,0,0,0,0,1,0,1,0,0,2.9,81731.52
Lenovo,Notebook,Windows 10,1920,1080,2073600,0,0,14.0,1.65,8,256,0,0,0,0,0,1,0,1,0,0,2.5,71661.6
Dell,Notebook,Windows 10,1920,1080,2073600,0,0,15.6,2.36,8,128,1024,0,0,0,1,0,0,1,0,0,1.8,52161.12
Dell,2 in 1 Convertible,Windows 10,1366,768,1049088,0,1,11.6,1.47,4,0,500,0,0,0,0,1,0,1,0,0,1.6,25521.12
Dell,Notebook,Windows 10,1920,1080,2073600,1,0,17.3,4.42,8,0,1024,0,0,1,0,0,0,1,0,0,2.7,109010.88
Microsoft,Ultrabook,Windows 10 S,2256,1504,3393024,0,1,13.5,1.252,4,128,0,0,0,0,0,1,0,1,0,0,2.2,52693.92
Microsoft,Ultrabook,Windows 10 S,2256,1504,3393024,0,1,13.5,1.25,8,256,0,0,0,0,0,1,0,1,0,0,2.5,95850.72
HP,Notebook,Windows 10,1600,900,1440000,0,0,17.3,2.5,8,256,0,0,0,0,0,1,0,1,0,0,2.0,34093.872
Acer,Notebook,Windows 10,1920,1080,2073600,0,0,15.6,2.23,4,0,1024,0,0,1,0,0,0,1,0,0,2.0,28984.32
Acer,Netbook,Windows 10,1366,768,1049088,0,0,11.6,1.4,4,128,0,0,0,0,0,1,0,1,0,0,1.6,23176.8
Asus,Notebook,Windows 10,1920,1080,2073600,0,0,15.6,2.37,8,0,1024,0,0,0,0,1,0,1,0,0,2.5,39906.72
Lenovo,Notebook,No OS,1920,1080,2073600,1,0,14.0,1.5,8,512,0,0,0,0,1,0,0,1,0,0,2.7,42570.72
Lenovo,Notebook,Windows 10,1920,1080,2073600,0,0,15.6,2.67,8,256,0,0,0,1,0,0,0,1,0,0,2.9,111355.2
Asus,Notebook,Windows 10,1366,768,1049088,0,0,15.6,2.0,4,0,500,0,0,0,0,1,0,1,0,0,1.1,16197.12
Acer,Notebook,Windows 10,1366,768,1049088,0,0,15.6,2.2,4,0,500,0,0,1,0,0,0,1,0,0,2.0,24988.32
Dell,Notebook,Windows 10,1920,1080,2073600,0,0,15.6,2.02,8,0,2048,0,0,0,1,0,0,1,0,0,1.6,40439.52
HP,Gaming,Windows 10,1920,1080,2073600,1,0,17.3,3.78,12,0,1024,0,0,1,0,0,0,1,0,0,2.8,90522.72
Lenovo,Ultrabook,Windows 10,2560,1440,3686400,1,0,14.0,1.4,12,256,0,0,0,0,0,1,0,1,0,0,2.6,98994.24
HP,2 in 1 Convertible,Windows 10,3840,2160,8294400,1,1,13.3,1.29,8,512,0,0,0,0,0,1,0,1,0,0,1.8,106506.72
HP,Notebook,Windows 10,1920,1080,2073600,0,0,15.6,1.9,8,0,500,0,0,0,1,0,0,1,0,0,2.5,61485.12
Google,Ultrabook,Chrome OS,2400,1600,3840000,0,1,12.3,1.1,8,128,0,0,0,0,0,1,0,1,0,0,1.2,67932.0
Dell,Ultrabook,Windows 10,1920,1080,2073600,0,1,13.3,1.42,8,256,0,0,0,0,0,1,0,1,0,0,1.6,98133.768
Asus,Notebook,Windows 10,3840,2160,8294400,1,0,15.6,2.06,12,128,1024,0,0,0,0,1,0,1,0,0,2.6,69210.72
Dell,Notebook,Windows 10,1366,768,1049088,0,0,14.0,1.79,8,128,0,0,0,0,0,1,0,1,0,0,2.3,39427.2
Dell,Workstation,Windows 10,1920,1080,2073600,0,0,15.6,1.78,8,256,0,0,0,1,0,0,0,1,0,0,2.8,128298.24
Lenovo,Notebook,Windows 10,1920,1080,2073600,0,0,14.0,1.7,8,180,0,0,0,0,0,1,0,1,0,0,2.5,72673.92
Dell,Notebook,Windows 10,1920,1080,2073600,0,0,15.6,2.2,8,0,1024,0,0,0,1,0,0,1,0,0,1.6,35964.0
Toshiba,Notebook,Windows 10,1920,1080,2073600,1,0,13.3,1.05,8,256,0,0,0,0,0,1,0,1,0,0,2.5,89084.16
Dell,Notebook,Windows 10,1920,1080,2073600,1,0,15.6,2.16,8,512,0,0,0,1,0,0,0,1,0,0,1.8,67239.36
Dell,Notebook,Windows 10,1366,768,1049088,0,0,15.6,2.18,4,0,1024,0,0,0,0,1,0,1,0,0,2.4,31254.048
HP,Notebook,Windows 10,1920,1080,2073600,1,0,13.3,1.49,4,128,0,0,0,0,0,1,0,1,0,0,1.6,38681.28
Chuwi,Notebook,Windows 10,1920,1080,2073600,0,0,15.6,1.89,4,0,0,0,64,0,0,1,0,1,0,0,1.44,13261.392
Lenovo,Notebook,Windows 10,1366,768,1049088,0,0,15.6,2.3,4,128,0,0,0,0,0,1,0,1,0,0,2.0,30103.2
Lenovo,Notebook,Windows 10,1920,1080,2073600,1,0,14.0,1.75,8,256,0,0,0,0,0,1,0,1,0,0,1.6,55890.72
Dell,Workstation,Windows 10,1920,1080,2073600,1,0,15.6,2.17,16,512,0,0,0,1,0,0,0,1,0,0,2.7,124568.64
Dell,Notebook,Windows 10,1920,1080,2073600,0,0,15.6,2.06,16,512,0,0,0,1,0,0,0,1,0,0,2.8,101178.72
Lenovo,Ultrabook,Windows 10,1920,1080,2073600,1,0,12.5,1.36,16,512,0,0,0,0,0,1,0,1,0,0,2.7,95797.44
Asus,Ultrabook,Windows 10,1920,1080,2073600,0,0,12.5,0.91,16,512,0,0,0,0,0,1,0,1,0,0,2.7,103896.0
Lenovo,Notebook,Windows 10,1920,1080,2073600,1,0,15.6,2.3,8,256,0,0,0,1,0,0,0,1,0,0,2.5,53918.8272
Toshiba,Ultrabook,Windows 10,1920,1080,2073600,0,1,13.3,1.05,32,512,0,0,0,0,0,1,0,1,0,0,2.7,149130.72
Asus,Gaming,Windows 10,1920,1080,2073600,0,0,15.6,1.99,8,128,1024,0,0,1,0,0,0,1,0,0,2.8,71928.0
Acer,Notebook,Windows 10,1366,768,1049088,0,0,15.6,2.2,8,0,1024,0,0,0,1,0,0,0,1,0,2.5,30849.12
Asus,Gaming,Windows 10,1920,1080,2073600,1,1,17.3,4.33,24,256,1024,0,0,1,0,0,0,1,0,0,2.6,67612.32
Lenovo,Ultrabook,Windows 10,1366,768,1049088,1,0,12.5,1.3,8,180,0,0,0,0,0,1,0,1,0,0,2.3,58554.72
Lenovo,Notebook,Windows 10,1920,1080,2073600,0,0,15.6,2.17,8,256,0,0,0,0,0,1,0,1,0,0,1.8,47893.392
HP,Notebook,Windows 10,1920,1080,2073600,0,0,14.0,1.48,8,1024,0,0,0,0,0,1,0,1,0,0,2.8,93186.72
Lenovo,Notebook,Windows 10,1920,1080,2073600,1,0,13.3,1.4,8,256,0,0,0,0,0,1,0,1,0,0,2.4,50562.72
Lenovo,Notebook,Windows 10,1920,1080,2073600,1,0,15.6,2.3,8,256,0,0,0,0,0,1,0,1,0,0,2.5,48538.08
Asus,Netbook,Windows 10 S,1366,768,1049088,0,0,11.6,1.2,4,0,0,0,64,0,0,1,0,1,0,0,1.1,18115.2
HP,Notebook,Windows 10,1366,768,1049088,0,0,15.6,1.91,8,256,0,0,0,0,1,0,0,1,0,0,2.5,32979.7872
Lenovo,2 in 1 Convertible,Windows 10,1920,1080,2073600,1,1,13.9,1.4,8,256,0,0,0,0,0,1,0,1,0,0,1.6,85194.72
Lenovo,Notebook,Windows 10,1366,768,1049088,0,0,14.0,2.1,4,0,500,0,0,0,0,1,0,1,0,0,1.1,15930.72
Lenovo,Netbook,Chrome OS,1366,768,1049088,0,0,11.6,1.25,4,16,0,0,0,0,0,1,0,1,0,0,1.6,14119.2
Lenovo,Notebook,Windows 10,1920,1080,2073600,0,0,13.3,1.44,8,256,0,0,0,0,0,1,0,1,0,0,2.5,50562.72
Asus,Notebook,Windows 10,1920,1080,2073600,0,0,15.6,2.0,8,256,1024,0,0,0,0,1,0,1,0,0,2.7,65214.72
Acer,Notebook,Windows 10,1920,1080,2073600,1,0,15.6,2.2,4,0,1024,0,0,1,0,0,0,1,0,0,1.6,32660.64
HP,Ultrabook,Windows 10,1920,1080,2073600,1,0,13.3,1.34,8,512,0,0,0,0,0,1,0,1,0,0,2.7,70489.44
Lenovo,Gaming,No OS,1920,1080,2073600,1,0,15.6,2.4,8,256,1024,0,0,1,0,0,0,1,0,0,2.8,61218.72
Dell,Ultrabook,Windows 10,1920,1080,2073600,1,1,13.3,1.29,8,128,0,0,0,0,0,1,0,1,0,0,2.5,47898.72
Acer,Notebook,Windows 10,1920,1080,2073600,0,0,15.6,2.2,4,0,500,0,0,1,0,0,0,1,0,0,2.7,34045.92
Dell,Notebook,Windows 10,1920,1080,2073600,0,0,15.6,2.18,8,0,1024,0,0,0,0,1,0,1,0,0,2.5,44542.08
Dell,Notebook,Windows 10,1920,1080,2073600,0,0,15.6,2.2,16,256,2048,0,0,0,1,0,0,1,0,0,1.8,64961.1072
Xiaomi,Notebook,No OS,1920,1080,2073600,1,0,15.6,1.95,16,256,0,0,0,1,0,0,0,1,0,0,1.8,74589.336
Asus,Netbook,Windows 10,1366,768,1049088,0,0,11.6,1.1,2,0,0,0,32,0,0,1,0,1,0,0,1.1,13053.6
HP,Notebook,Windows 10,1366,768,1049088,0,1,15.6,2.04,4,0,1024,0,0,0,0,1,0,1,0,0,1.6,27783.9216
Asus,Gaming,Windows 10,1920,1080,2073600,0,0,15.6,2.24,24,512,0,0,0,1,0,0,0,1,0,0,2.8,158135.04
HP,Notebook,Windows 10,1920,1080,2073600,0,0,15.6,2.04,8,256,0,0,0,1,0,0,0,1,0,0,2.5,47365.92
Asus,Gaming,Windows 10,1920,1080,2073600,0,0,17.3,3.0,16,256,1024,0,0,1,0,0,0,1,0,0,2.8,80133.12
Lenovo,Gaming,Windows 10,1920,1080,2073600,1,0,15.6,3.2,8,256,1024,0,0,1,0,0,0,1,0,0,2.8,74538.72
HP,Ultrabook,Windows 10,1920,1080,2073600,1,0,13.3,1.32,8,256,0,0,0,0,0,1,0,1,0,0,2.7,74538.72
Dell,Notebook,Windows 10,1920,1080,2073600,0,0,14.0,1.64,8,256,0,0,0,0,0,1,0,1,0,0,2.6,68184.0144
HP,Notebook,Windows 10,1366,768,1049088,0,0,15.6,1.63,4,128,0,0,0,0,0,1,0,1,0,0,2.0,36709.92
Dell,Notebook,Linux,1920,1080,2073600,1,0,17.3,2.8,8,128,1024,0,0,0,1,0,0,1,0,0,1.6,47365.92
Lenovo,Notebook,Windows 7,1920,1080,2073600,0,0,14.0,2.02,8,256,0,0,0,0,0,1,0,1,0,0,2.3,71395.2
Lenovo,Notebook,Windows 10,1920,1080,2073600,0,0,15.6,2.2,4,0,1024,0,0,1,0,0,0,1,0,0,2.7,42570.72
Lenovo,Notebook,No OS,1366,768,1049088,0,0,15.6,2.2,8,0,2048,0,0,1,0,0,0,1,0,0,2.0,24455.52
Dell,Notebook,Windows 10,1920,1080,2073600,0,0,15.6,2.3,4,0,500,0,0,0,1,0,0,1,0,0,2.5,31168.8
Dell,Notebook,Windows 10,1920,1080,2073600,0,0,15.6,1.9,8,256,0,0,0,0,0,1,0,1,0,0,2.8,73366.56
Dell,Gaming,Windows 10,1920,1080,2073600,1,0,17.3,4.42,16,128,1024,0,0,1,0,0,0,1,0,0,2.8,160520.3856
Toshiba,Notebook,Windows 10,1920,1080,2073600,1,0,15.6,2.0,8,0,500,0,0,0,0,1,0,1,0,0,2.5,45820.8
Asus,Notebook,Windows 10,3840,2160,8294400,1,0,15.6,2.0,8,256,1024,0,0,1,0,0,0,1,0,0,2.7,69210.72
Mediacom,Notebook,Windows 10,1920,1080,2073600,1,0,13.3,1.2,4,32,0,0,0,0,0,1,0,1,0,0,1.1,19660.32
Asus,Gaming,Windows 10,1920,1080,2073600,1,0,15.6,2.3,8,128,1024,0,0,1,0,0,0,1,0,0,2.5,87858.72
Dell,Notebook,Windows 10,1920,1080,2073600,0,0,15.6,1.93,8,256,0,0,0,1,0,0,0,1,0,0,2.8,72940.32
Dell,Notebook,Windows 10,1920,1080,2073600,0,0,15.6,2.2,8,256,0,0,0,0,1,0,0,1,0,0,1.6,42486.0048
HP,Notebook,Windows 10,1920,1080,2073600,0,0,15.6,1.86,4,256,0,0,0,0,0,1,0,1,0,0,1.6,21258.1872
HP,Gaming,Windows 10,1920,1080,2073600,0,0,17.3,2.62,12,0,1024,0,0,1,0,0,0,1,0,0,2.8,95850.72
Lenovo,Notebook,Windows 10,1920,1080,2073600,1,0,14.0,1.87,8,256,0,0,0,1,0,0,0,1,0,0,2.7,45767.52
Dell,Ultrabook,Windows 10,3200,1800,5760000,0,1,13.3,1.2,8,256,0,0,0,0,0,1,0,1,0,0,1.8,74538.72
Dell,Notebook,Windows 10,1920,1080,2073600,0,0,14.0,1.6,4,128,0,0,0,0,0,1,0,1,0,0,2.0,39207.1536
HP,Ultrabook,Windows 10,3200,1800,5760000,1,0,13.3,1.34,8,256,0,0,0,0,0,1,0,1,0,0,2.7,61005.6
Acer,Gaming,Linux,1920,1080,2073600,0,0,15.6,2.4,8,0,1024,0,0,1,0,0,0,1,0,0,2.5,42517.44
Asus,Notebook,Windows 10,1366,768,1049088,0,0,15.6,2.0,4,0,500,0,0,0,1,0,0,0,1,0,1.8,18594.72
HP,Notebook,Windows 10,1920,1080,2073600,0,0,15.6,2.1,4,128,0,0,0,0,0,1,0,1,0,0,2.4,37589.04
Lenovo,Notebook,Windows 10,1920,1080,2073600,0,0,14.0,1.87,4,0,500,0,0,0,0,1,0,1,0,0,2.5,41824.8
Lenovo,Notebook,No OS,1920,1080,2073600,0,0,15.6,2.15,4,0,1024,0,0,0,0,1,0,1,0,0,2.3,24634.008
HP,Notebook,Windows 10,1920,1080,2073600,0,0,15.6,1.86,4,0,500,0,0,0,0,1,0,1,0,0,2.0,21152.16
Lenovo,Notebook,Windows 10,1920,1080,2073600,1,0,15.6,1.99,8,512,0,0,0,0,0,1,0,1,0,0,2.7,92121.12
Lenovo,Notebook,Windows 10,1920,1080,2073600,0,0,15.6,2.2,4,128,0,0,0,0,0,1,0,1,0,0,2.0,26586.72
Dell,Notebook,Windows 10,1920,1080,2073600,0,0,15.6,1.9,8,256,0,0,0,0,0,1,0,1,0,0,2.5,59513.2272
Dell,Gaming,Windows 10,1920,1080,2073600,1,0,17.3,4.42,16,256,1024,0,0,1,0,0,0,1,0,0,2.8,143802.72
HP,Notebook,Windows 10,1600,900,1440000,0,0,17.3,2.65,8,0,1024,0,0,0,0,1,0,1,0,0,2.0,28992.312
HP,Notebook,Windows 10,1920,1080,2073600,0,0,17.3,2.63,8,0,1024,0,0,1,0,0,0,1,0,0,2.7,68198.4
Asus,Notebook,Linux,1366,768,1049088,0,0,15.6,2.0,4,0,500,0,0,0,0,1,0,1,0,0,1.1,11934.72
Mediacom,Notebook,Windows 10,1920,1080,2073600,1,0,13.3,1.35,4,0,0,0,32,0,0,1,0,1,0,0,1.44,13586.4
Lenovo,Notebook,Windows 10,1600,900,1440000,0,0,17.3,2.8,6,128,1024,0,0,1,0,0,0,1,0,0,2.7,50562.72
HP,Notebook,Windows 10,1920,1080,2073600,1,0,15.6,1.91,6,128,0,0,0,0,1,0,0,0,1,0,2.5,30310.992
Dell,Notebook,Windows 10,1366,768,1049088,0,0,15.6,2.18,4,0,1024,0,0,0,1,0,0,1,0,0,2.0,32921.712
Acer,2 in 1 Convertible,Windows 10,1920,1080,2073600,1,1,11.6,1.25,4,0,0,0,32,0,0,1,0,1,0,0,2.0,18594.72
Lenovo,Notebook,Windows 10,1920,1080,2073600,0,0,15.6,2.05,4,128,0,0,0,0,0,1,0,1,0,0,2.7,33566.4
HP,Ultrabook,Windows 10,3200,1800,5760000,1,1,13.3,1.16,16,512,0,0,0,0,0,1,0,1,0,0,1.2,104695.2
Lenovo,Notebook,Windows 10,1920,1080,2073600,1,0,17.3,3.4,8,256,0,0,0,1,0,0,0,1,0,0,2.8,159786.72
Asus,Notebook,Windows 10,1920,1080,2073600,0,0,15.6,2.5,8,128,1024,0,0,1,0,0,0,1,0,0,2.5,44701.92
Dell,Ultrabook,Windows 10,3840,2160,8294400,1,1,13.3,1.21,8,128,0,0,0,0,0,1,0,1,0,0,1.6,85194.72
Dell,Notebook,Windows 10,1366,768,1049088,0,0,15.6,1.93,4,0,500,0,0,0,0,1,0,1,0,0,2.6,51095.52
Fujitsu,Notebook,Windows 10,1366,768,1049088,0,0,15.6,2.2,8,0,1024,0,0,0,0,1,0,1,0,0,2.5,39373.92
Lenovo,Notebook,Windows 10,1920,1080,2073600,0,0,15.6,2.2,4,0,500,0,0,0,0,1,0,1,0,0,1.1,18328.32
Lenovo,Notebook,Windows 10,1366,768,1049088,0,0,14.0,2.02,4,0,500,0,0,0,0,1,0,1,0,0,2.5,52747.2
HP,Workstation,Windows 10,1600,900,1440000,0,0,17.3,3.14,8,0,500,0,0,1,0,0,0,1,0,0,2.8,99153.5472
HP,Notebook,Windows 10,1366,768,1049088,0,0,14.0,1.94,8,0,2048,0,0,0,0,1,0,1,0,0,1.6,20725.92
HP,Notebook,Windows 10,1920,1080,2073600,1,0,15.6,1.95,6,256,0,0,0,0,1,0,0,0,1,0,3.0,34578.72
Lenovo,Notebook,Windows 10,1920,1080,2073600,0,0,15.6,2.3,8,256,0,0,0,0,0,1,0,1,0,0,2.5,44222.4
Lenovo,Notebook,Windows 10,1920,1080,2073600,0,0,15.6,2.05,4,0,500,0,0,0,0,1,0,1,0,0,1.6,36496.8
Mediacom,Notebook,Windows 10,1920,1080,2073600,0,0,14.0,1.4,4,32,0,0,0,0,0,1,0,1,0,0,1.44,13266.72
Toshiba,Ultrabook,Windows 10,1920,1080,2073600,0,1,14.0,1.24,16,512,0,0,0,0,0,1,0,1,0,0,2.7,99367.2
Lenovo,Gaming,Windows 10,1920,1080,2073600,1,0,17.3,4.6,32,256,1024,0,0,1,0,0,0,1,0,0,2.7,141884.64
MSI,Gaming,Windows 10,1920,1080,2073600,0,0,17.3,4.14,16,512,1024,0,0,1,0,0,0,1,0,0,2.9,145401.12
Dell,Notebook,Linux,1920,1080,2073600,0,0,15.6,2.2,8,256,0,0,0,0,1,0,0,1,0,0,2.7,39907.2528
Mediacom,Notebook,Windows 10,1920,1080,2073600,1,0,14.0,1.45,4,32,0,0,0,0,0,1,0,1,0,0,1.1,20725.92
Dell,Notebook,Windows 10,1366,768,1049088,0,0,15.6,1.9,8,0,500,0,0,0,0,1,0,1,0,0,2.6,53733.9456
HP,Notebook,Windows 10,1920,1080,2073600,0,0,13.3,1.49,4,128,0,0,0,0,0,1,0,1,0,0,2.4,38308.32
Dell,Notebook,Windows 10,1920,1080,2073600,0,0,15.6,1.93,16,256,0,0,0,1,0,0,0,1,0,0,2.8,81912.1392
Dell,Netbook,Chrome OS,1366,768,1049088,0,0,11.6,1.26,4,0,0,0,16,0,0,1,0,1,0,0,1.6,15717.6
MSI,Gaming,Windows 10,1920,1080,2073600,0,0,17.3,4.5,16,128,1024,0,0,1,0,0,0,1,0,0,2.7,125154.72
HP,Gaming,Windows 10,1920,1080,2073600,1,0,17.3,3.78,16,256,1024,0,0,1,0,0,0,1,0,0,2.8,79813.44
Lenovo,Ultrabook,Windows 10,1920,1080,2073600,1,0,14.0,1.4,12,256,0,0,0,0,0,1,0,1,0,0,2.6,89137.44
Lenovo,Notebook,Windows 10,1366,768,1049088,0,1,15.6,2.2,12,0,1024,0,0,0,0,1,0,1,0,0,1.8,32447.52
Asus,Gaming,Windows 10,1920,1080,2073600,1,0,17.3,2.73,8,128,1024,0,0,1,0,0,0,1,0,0,2.5,94305.6
Asus,2 in 1 Convertible,Windows 10,1366,768,1049088,0,1,15.6,2.2,8,0,1024,0,0,0,0,1,0,1,0,0,2.5,39373.92
Lenovo,Notebook,Windows 10,1920,1080,2073600,0,0,15.6,2.2,12,512,0,0,0,0,1,0,0,0,1,0,3.6,50562.72
Dell,2 in 1 Convertible,Windows 10,1366,768,1049088,0,1,11.6,1.39,4,128,0,0,0,0,0,1,0,1,0,0,1.0,32127.84
Samsung,Notebook,Windows 10,1920,1080,2073600,0,0,15.6,2.5,16,128,1024,0,0,1,0,0,0,1,0,0,2.8,90522.72
Lenovo,Notebook,No OS,1920,1080,2073600,0,0,17.3,2.8,4,0,500,0,0,0,0,1,0,1,0,0,2.0,28185.12
Lenovo,Notebook,Windows 10,1366,768,1049088,0,0,15.6,2.29,8,0,1024,0,0,0,0,1,0,1,0,0,2.3,24455.52
Lenovo,2 in 1 Convertible,Windows 10,1920,1080,2073600,1,1,13.3,1.37,8,512,0,0,0,0,0,1,0,1,0,0,2.7,107892.0
Lenovo,Notebook,Windows 10,1920,1080,2073600,1,0,14.0,1.7,8,256,0,0,0,0,0,1,0,1,0,0,2.5,78534.72
Dell,2 in 1 Convertible,Windows 10,1920,1080,2073600,0,1,12.5,1.34,8,256,0,0,0,0,0,1,0,1,0,0,2.5,88977.6
Dell,Workstation,Windows 10,1920,1080,2073600,0,1,15.6,2.06,8,256,0,0,0,1,0,0,0,1,0,0,2.8,93932.64
HP,Notebook,Windows 10,1920,1080,2073600,0,0,15.6,1.84,8,256,0,0,0,0,0,1,0,1,0,0,2.7,64948.32
HP,Notebook,Windows 10,1366,768,1049088,0,0,15.6,2.1,4,0,500,0,0,0,0,1,0,1,0,0,2.4,35616.6144
Acer,Notebook,Windows 10,1920,1080,2073600,0,0,14.0,1.6,4,0,0,0,32,0,0,1,0,1,0,0,1.1,17529.12
MSI,Gaming,Windows 10,1920,1080,2073600,0,0,17.3,4.14,16,128,1024,0,0,1,0,0,0,1,0,0,2.7,117162.72
Dell,Notebook,Linux,1366,768,1049088,0,0,15.6,2.18,4,0,1024,0,0,0,1,0,0,1,0,0,2.0,24775.2
MSI,Gaming,Windows 10,3840,2160,8294400,0,0,15.6,1.8,16,256,2048,0,0,1,0,0,0,1,0,0,2.8,122490.72
Toshiba,Notebook,Windows 10,1920,1080,2073600,1,0,15.6,2.2,8,256,0,0,0,0,0,1,0,1,0,0,2.5,74538.72
Lenovo,Notebook,Windows 10,1920,1080,2073600,0,0,15.6,2.4,6,0,1024,0,0,0,0,1,0,1,0,0,2.5,30049.92
Lenovo,2 in 1 Convertible,Windows 10,1920,1080,2073600,1,1,15.6,2.0,8,256,0,0,0,0,0,1,0,1,0,0,2.8,69210.72
Acer,Notebook,Windows 10,1366,768,1049088,0,0,14.0,1.6,4,0,0,0,128,0,0,1,0,1,0,0,1.6,18594.72
Lenovo,Notebook,Windows 10,3840,2160,8294400,1,0,15.6,2.5,32,1024,0,0,0,1,0,0,0,1,0,0,3.1,261018.72
Dell,Gaming,Windows 10,1920,1080,2073600,0,0,15.6,2.59,16,0,1024,0,0,1,0,0,0,1,0,0,2.6,46833.6528
Dell,Notebook,Linux,1366,768,1049088,0,0,15.6,2.18,4,0,1024,0,0,0,0,1,0,1,0,0,2.0,23650.992
Dell,Notebook,Linux,1366,768,1049088,0,0,15.6,2.25,4,0,1024,0,0,0,0,1,0,1,0,0,2.0,19127.52
Dell,Notebook,Linux,1366,768,1049088,0,0,15.6,1.93,4,0,500,0,0,0,0,1,0,1,0,0,2.6,46300.32
Asus,Gaming,Windows 10,1920,1080,2073600,0,0,17.3,3.0,8,128,1024,0,0,1,0,0,0,1,0,0,2.8,62231.04
Dell,Notebook,Linux,1920,1080,2073600,0,0,15.6,2.18,4,128,0,0,0,0,1,0,0,1,0,0,2.5,30316.32
HP,Ultrabook,Windows 10,1920,1080,2073600,0,0,15.6,1.84,8,512,0,0,0,0,0,1,0,1,0,0,2.7,74005.92
MSI,Gaming,Windows 10,1920,1080,2073600,0,0,15.6,2.94,16,256,1024,0,0,1,0,0,0,1,0,0,2.8,120831.5808
Acer,2 in 1 Convertible,Chrome OS,1366,768,1049088,1,1,11.6,1.25,4,0,0,0,32,0,0,1,0,1,0,0,1.6,20193.12
HP,Notebook,Windows 10,1366,768,1049088,0,0,14.0,2.31,8,256,0,0,0,0,0,1,0,1,0,0,2.6,59886.72
Lenovo,Notebook,Windows 7,1920,1080,2073600,0,0,14.0,1.65,8,256,0,0,0,0,0,1,0,1,0,0,2.3,78055.2
Dell,Notebook,Windows 10,1920,1080,2073600,0,0,15.6,2.2,4,0,1024,0,0,0,1,0,0,1,0,0,1.6,41345.28
Fujitsu,Notebook,Windows 10,1366,768,1049088,0,0,15.6,2.2,8,256,0,0,0,0,0,1,0,1,0,0,2.5,42570.72
HP,Notebook,Windows 7,1366,768,1049088,0,0,15.6,1.88,4,0,500,0,0,0,0,1,0,1,0,0,2.3,49656.96
Lenovo,Notebook,Windows 10,1920,1080,2073600,0,0,15.6,2.2,8,0,1024,0,0,1,0,0,0,1,0,0,2.7,47898.72
Mediacom,Notebook,Windows 10,1920,1080,2073600,0,0,14.0,1.4,2,0,0,0,32,0,0,1,0,1,0,0,1.44,12733.92
Lenovo,Notebook,No OS,1920,1080,2073600,0,0,15.6,2.2,4,128,0,0,0,0,0,1,0,1,0,0,2.5,24935.04
Asus,2 in 1 Convertible,Windows 10,1920,1080,2073600,0,1,13.3,1.5,6,0,1024,0,0,0,0,1,0,1,0,0,2.5,34046.4528
Dell,Notebook,Windows 10,1920,1080,2073600,0,0,15.6,2.0,8,256,0,0,0,1,0,0,0,1,0,0,2.8,96969.6
Asus,Ultrabook,Windows 10,1920,1080,2073600,0,0,14.0,1.1,16,512,0,0,0,0,0,1,0,1,0,0,2.7,101232.0
Dell,Gaming,Windows 10,1920,1080,2073600,0,0,15.6,2.62,16,256,1024,0,0,1,0,0,0,1,0,0,2.8,78801.12
Lenovo,Notebook,Windows 10,1920,1080,2073600,0,0,15.6,1.8,4,256,0,0,0,0,0,1,0,1,0,0,1.6,44169.12
Lenovo,Notebook,Windows 10,1920,1080,2073600,0,0,15.6,2.2,4,0,1024,0,0,1,0,0,0,1,0,0,2.0,30849.12
Asus,Notebook,Windows 10,1366,768,1049088,0,0,15.6,2.0,8,0,1024,0,0,0,0,1,0,1,0,0,1.1,21258.72
Asus,Notebook,Windows 10,1920,1080,2073600,0,0,15.6,1.99,8,0,1024,0,0,1,0,0,0,1,0,0,2.5,48304.7136
Dell,Ultrabook,Windows 10,3200,1800,5760000,0,1,13.3,1.23,8,256,0,0,0,0,0,1,0,1,0,0,1.6,99580.32
Lenovo,Notebook,Windows 10,1366,768,1049088,0,0,14.0,1.42,2,0,0,0,32,0,0,1,0,1,0,0,1.6,13266.72
Lenovo,2 in 1 Convertible,Windows 10,1920,1080,2073600,1,1,13.3,1.37,8,256,0,0,0,0,0,1,0,1,0,0,2.7,93635.3376
Dell,Notebook,Windows 10,3840,2160,8294400,0,1,15.6,2.06,16,1024,0,0,0,1,0,0,0,1,0,0,2.8,127818.72
Lenovo,Gaming,Windows 10,1920,1080,2073600,1,0,15.6,2.5,8,128,1024,0,0,1,0,0,0,1,0,0,2.8,59087.52
HP,Notebook,Windows 10,1600,900,1440000,0,0,17.0,2.6,8,0,1024,0,0,0,1,0,0,0,1,0,3.0,27753.552
Lenovo,Ultrabook,Windows 10,1920,1080,2073600,1,0,14.0,1.14,16,512,0,0,0,0,0,1,0,1,0,0,2.7,130536.0
Asus,Gaming,No OS,1920,1080,2073600,1,0,15.6,2.5,8,0,1024,0,0,1,0,0,0,1,0,0,2.8,62284.32
Acer,Notebook,Windows 10,1366,768,1049088,0,0,15.6,2.4,4,0,500,0,0,0,0,1,0,1,0,0,2.0,23976.0
Lenovo,Notebook,Windows 10,1366,768,1049088,0,0,14.0,1.43,4,0,0,0,32,0,0,1,0,1,0,0,1.6,14598.72
Acer,Ultrabook,Windows 10,1920,1080,2073600,1,0,14.0,1.8,8,256,0,0,0,0,0,1,0,1,0,0,2.5,48964.32
Razer,Gaming,Windows 10,1920,1080,2073600,0,0,14.0,1.95,16,256,0,0,0,1,0,0,0,1,0,0,2.8,138474.72
Toshiba,Notebook,Windows 10,1920,1080,2073600,0,0,13.3,1.2,8,256,0,0,0,0,0,1,0,1,0,0,2.3,64628.64
Lenovo,Ultrabook,Windows 10,1920,1080,2073600,1,0,12.5,1.36,8,256,0,0,0,0,0,1,0,1,0,0,2.7,84395.52
Asus,Gaming,Windows 10,1920,1080,2073600,1,0,17.3,3.8,32,512,0,0,0,1,0,0,0,1,0,0,2.7,149130.72
Acer,Gaming,Linux,1920,1080,2073600,0,0,15.6,2.4,8,0,1024,0,0,1,0,0,0,1,0,0,2.5,37775.52
Dell,Ultrabook,Windows 10,1920,1080,2073600,0,0,13.3,1.2,8,256,0,0,0,0,0,1,0,1,0,0,1.6,77250.672
MSI,Gaming,Windows 10,1920,1080,2073600,0,0,15.6,2.2,8,128,1024,0,0,1,0,0,0,1,0,0,2.8,63499.104
HP,Notebook,No OS,1366,768,1049088,0,0,15.6,1.86,4,0,500,0,0,0,0,1,0,1,0,0,2.0,19441.872
Toshiba,Notebook,Windows 10,1920,1080,2073600,1,0,15.6,2.0,8,0,500,0,0,0,0,1,0,1,0,0,2.5,56689.92
Dell,Notebook,Windows 10,1920,1080,2073600,0,0,15.6,2.2,8,256,0,0,0,0,1,0,0,1,0,0,1.8,48964.32
Dell,Notebook,Windows 10,1920,1080,2073600,0,0,15.6,2.2,16,256,2048,0,0,0,1,0,0,1,0,0,1.8,60472.8
Lenovo,Gaming,Windows 10,1920,1080,2073600,1,0,15.6,3.31,8,128,1024,0,0,1,0,0,0,1,0,0,2.6,63722.88
Dell,Gaming,Windows 10,3840,2160,8294400,1,0,17.3,4.42,32,512,1024,0,0,1,0,0,0,1,0,0,2.8,167691.8736
Dell,Notebook,Windows 10,1920,1080,2073600,0,0,14.0,1.56,8,256,0,0,0,0,0,1,0,1,0,0,2.4,65481.12
Lenovo,Notebook,Windows 10,1366,768,1049088,0,0,15.6,2.2,4,0,500,0,0,0,0,1,0,1,0,0,1.1,22324.32
Lenovo,Notebook,Windows 10,1920,1080,2073600,0,0,15.6,2.2,4,0,500,0,0,0,0,1,0,1,0,0,2.3,28504.8
HP,Notebook,Windows 10,1920,1080,2073600,0,0,15.6,2.04,6,0,1024,0,0,0,1,0,0,1,0,0,2.0,28717.92
MSI,Gaming,Windows 10,1920,1080,2073600,0,0,17.3,2.7,8,128,1024,0,0,1,0,0,0,1,0,0,2.8,79215.1056
Toshiba,Notebook,Windows 10,1366,768,1049088,0,0,15.6,2.1,4,128,0,0,0,0,0,1,0,1,0,0,2.1,26533.44
Dell,Notebook,Windows 10,1920,1080,2073600,0,0,15.6,2.06,8,0,1024,0,0,0,0,1,0,1,0,0,2.5,50882.4
HP,Notebook,Windows 10,1920,1080,2073600,0,0,15.6,2.1,8,0,1024,0,0,0,1,0,0,1,0,0,2.7,39693.6
Toshiba,Notebook,Windows 10,1920,1080,2073600,1,0,15.6,2.0,8,256,0,0,0,0,0,1,0,1,0,0,2.5,67026.24
Acer,Notebook,Linux,1366,768,1049088,0,0,15.6,2.1,4,128,0,0,0,0,0,1,0,1,0,0,2.0,21951.36
Microsoft,Ultrabook,Windows 10 S,2256,1504,3393024,0,1,13.5,1.252,8,256,0,0,0,0,0,1,0,1,0,0,2.8,99519.048
Lenovo,Notebook,Windows 10,1920,1080,2073600,0,0,15.6,1.9,8,128,1024,0,0,0,1,0,0,1,0,0,2.5,43580.376
Lenovo,2 in 1 Convertible,Windows 10,1920,1080,2073600,1,1,13.3,1.3,8,256,0,0,0,0,0,1,0,1,0,0,2.5,55091.52
Lenovo,Notebook,Windows 10,1366,768,1049088,0,0,15.6,2.2,4,128,0,0,0,0,1,0,0,0,1,0,2.2,18594.72
HP,2 in 1 Convertible,Windows 10,1920,1080,2073600,1,1,14.0,1.63,4,128,0,0,0,1,0,0,0,1,0,0,2.4,37242.72
MSI,Gaming,Windows 10,1920,1080,2073600,0,0,15.6,2.4,16,256,1024,0,0,1,0,0,0,1,0,0,2.8,68944.32
Asus,Ultrabook,Windows 10,1920,1080,2073600,0,0,14.0,1.1,8,256,0,0,0,0,0,1,0,1,0,0,2.5,60472.8
HP,2 in 1 Convertible,Chrome OS,1366,768,1049088,0,1,11.6,1.4,8,0,0,0,64,0,0,1,0,1,0,0,1.1,26373.6
LG,Ultrabook,Windows 10,1920,1080,2073600,1,0,15.6,1.09,8,512,0,0,0,0,0,1,0,1,0,0,1.8,122490.72
Acer,Gaming,Windows 10,1920,1080,2073600,0,0,15.6,2.5,16,256,0,0,0,1,0,0,0,1,0,0,2.5,69210.72
MSI,Gaming,Windows 10,1920,1080,2073600,0,0,15.6,2.2,8,256,0,0,0,1,0,0,0,1,0,0,2.5,53168.112
Asus,Notebook,Windows 10,1366,768,1049088,0,0,15.6,1.86,4,128,0,0,0,0,0,1,0,1,0,0,1.1,22324.32
Dell,Gaming,Windows 10,1920,1080,2073600,0,0,15.6,3.21,16,128,1024,0,0,1,0,0,0,1,0,0,2.5,109277.28
HP,Notebook,Windows 10,1920,1080,2073600,1,0,17.3,2.5,4,256,0,0,0,0,1,0,0,1,0,0,2.0,37242.72
Lenovo,2 in 1 Convertible,Windows 10,1920,1080,2073600,1,1,13.3,1.19,8,512,0,0,0,0,0,1,0,1,0,0,1.8,79866.72
Dell,Gaming,Windows 10,1920,1080,2073600,0,0,15.6,3.49,16,256,1024,0,0,1,0,0,0,1,0,0,2.9,149916.6
HP,Notebook,Windows 10,1366,768,1049088,0,0,15.6,1.86,4,0,500,0,0,0,1,0,0,1,0,0,2.5,32639.8608
Dell,Notebook,Windows 10,1366,768,1049088,0,0,15.6,2.2,4,0,1024,0,0,0,1,0,0,1,0,0,2.0,29073.2976
HP,Notebook,Windows 10,1920,1080,2073600,1,0,17.3,2.65,6,0,2048,0,0,0,1,0,0,0,1,0,2.4,30316.32
Lenovo,Notebook,Windows 10,1366,768,1049088,0,0,15.6,2.1,4,0,500,0,0,0,0,1,0,1,0,0,1.6,16943.04
Acer,Notebook,Chrome OS,1366,768,1049088,0,0,14.0,1.45,4,0,0,0,32,0,0,1,0,1,0,0,1.6,19980.0
Lenovo,Notebook,Windows 10,1920,1080,2073600,0,0,14.0,1.7,4,256,0,0,0,0,0,1,0,1,0,0,2.5,37242.72
HP,Workstation,Windows 10,1920,1080,2073600,0,0,17.3,3.14,8,0,500,0,0,1,0,0,0,1,0,0,2.8,101657.7072
Lenovo,2 in 1 Convertible,Windows 10,2560,1440,3686400,0,1,14.0,1.42,8,256,0,0,0,0,0,1,0,1,0,0,2.7,137995.2
Toshiba,Notebook,Windows 10,1920,1080,2073600,1,0,13.3,1.5,8,256,0,0,0,0,0,1,0,1,0,0,2.5,51841.44
Acer,Netbook,Windows 10,1366,768,1049088,0,0,11.6,1.4,4,0,0,0,32,0,0,1,0,1,0,0,1.6,14332.32
Lenovo,2 in 1 Convertible,Windows 10,1920,1080,2073600,0,1,14.0,1.38,16,512,0,0,0,0,0,1,0,1,0,0,2.7,93186.72
Asus,2 in 1 Convertible,Chrome OS,1920,1080,2073600,0,1,12.5,1.2,4,0,0,0,64,0,0,1,0,1,0,0,0.9,35644.32
Toshiba,Ultrabook,Windows 10,1920,1080,2073600,0,1,13.3,1.36,16,512,0,0,0,0,0,1,0,1,0,0,2.5,100006.56
HP,Notebook,Windows 10,1920,1080,2073600,1,0,15.6,2.1,4,0,500,0,0,0,1,0,0,1,0,0,2.7,36709.92
Dell,Gaming,Windows 10,1920,1080,2073600,0,0,15.6,2.56,8,0,1024,0,0,1,0,0,0,1,0,0,2.5,43636.32
Lenovo,Notebook,Windows 10,1920,1080,2073600,0,0,15.6,2.2,4,256,0,0,0,0,1,0,0,0,1,0,2.9,21258.72
Lenovo,Notebook,Windows 10,1366,768,1049088,0,0,15.6,2.2,8,0,1024,0,0,0,1,0,0,0,1,0,3.6,22857.12
Lenovo,Notebook,Windows 10,1920,1080,2073600,0,0,15.6,2.1,4,0,2048,0,0,0,0,1,0,1,0,0,2.5,33110.856
Lenovo,Notebook,No OS,1366,768,1049088,0,0,15.6,1.9,4,0,500,0,0,0,0,1,0,1,0,0,2.0,23976.0
Dell,Notebook,Windows 10,1920,1080,2073600,0,0,15.6,2.18,8,256,0,0,0,0,0,1,0,1,0,0,2.5,42357.6
Acer,2 in 1 Convertible,Windows 10,1920,1080,2073600,1,1,13.3,1.6,8,256,0,0,0,0,0,1,0,1,0,0,1.6,53226.72
Lenovo,Workstation,Windows 7,1920,1080,2073600,0,0,15.6,2.18,16,512,0,0,0,1,0,0,0,1,0,0,2.5,98834.4
Lenovo,Notebook,Windows 10,1920,1080,2073600,0,0,14.0,1.8,8,256,0,0,0,0,0,1,0,1,0,0,2.3,63456.48
HP,Notebook,Windows 10,1920,1080,2073600,1,0,17.3,2.71,6,0,2048,0,0,0,1,0,0,0,1,0,2.5,34898.9328
Lenovo,Gaming,Windows 10,1920,1080,2073600,1,0,15.6,2.5,8,128,1024,0,0,1,0,0,0,1,0,0,2.8,66546.72
Dell,Notebook,Linux,1920,1080,2073600,0,0,14.0,1.64,8,256,0,0,0,1,0,0,0,1,0,0,2.8,58021.92
Dell,Notebook,Linux,1920,1080,2073600,0,0,15.6,1.98,8,0,1024,0,0,0,0,1,0,1,0,0,2.5,38681.28
Asus,Notebook,Windows 10,1920,1080,2073600,0,0,14.0,1.5,4,0,0,0,32,0,0,1,0,1,0,0,1.1,15877.44
Dell,Notebook,Windows 10,1920,1080,2073600,0,0,15.6,1.93,16,512,0,0,0,0,0,1,0,1,0,0,2.6,76012.4448
Lenovo,Notebook,Windows 10,1920,1080,2073600,1,0,14.0,1.87,8,256,0,0,0,1,0,0,0,1,0,0,2.5,45664.6896
Dell,Notebook,Windows 10,1920,1080,2073600,0,0,15.6,1.9,8,256,0,0,0,0,0,1,0,1,0,0,2.6,62817.12
Lenovo,Notebook,Windows 10,1366,768,1049088,0,0,15.6,2.19,4,0,500,0,0,0,1,0,0,0,1,0,2.0,15877.44
Mediacom,Notebook,Windows 10,1920,1200,2304000,1,0,14.0,1.4,4,0,32,0,0,0,0,1,0,1,0,0,1.92,14119.2
HP,Notebook,Windows 10,1920,1080,2073600,0,0,17.3,2.63,8,256,0,0,0,1,0,0,0,1,0,0,2.7,63936.0
Lenovo,Ultrabook,Windows 10,2560,1440,3686400,1,0,14.0,1.17,8,512,0,0,0,0,0,1,0,1,0,0,2.5,89864.1792
HP,2 in 1 Convertible,Windows 10,1366,768,1049088,1,1,13.3,1.58,8,256,0,0,0,0,0,1,0,1,0,0,2.5,44574.048
Lenovo,Ultrabook,Windows 10,1920,1080,2073600,1,0,14.0,1.32,8,256,0,0,0,0,0,1,0,1,0,0,2.5,79866.72
Dell,Gaming,Windows 10,3840,2160,8294400,0,0,17.3,4.36,32,1024,1024,0,0,1,0,0,0,1,0,0,2.8,194972.832
MSI,Gaming,Windows 10,1920,1080,2073600,0,0,17.3,2.7,8,128,1024,0,0,1,0,0,0,1,0,0,2.8,71847.0144
Lenovo,Notebook,No OS,1366,768,1049088,0,0,15.6,1.9,4,0,1024,0,0,0,0,1,0,1,0,0,2.5,26101.872
Dell,Notebook,Windows 10,1920,1080,2073600,0,0,15.6,2.2,8,128,1024,0,0,0,1,0,0,1,0,0,1.6,38308.32
Dell,2 in 1 Convertible,Windows 10,1920,1080,2073600,0,1,13.3,1.71,4,0,1024,0,0,0,0,1,0,1,0,0,2.4,34578.72
Dell,Notebook,Linux,1366,768,1049088,0,0,15.6,2.32,8,0,1024,0,0,0,1,0,0,1,0,0,2.5,31409.6256
HP,Notebook,Windows 10,1920,1080,2073600,0,0,15.6,2.1,4,0,1024,0,0,0,1,0,0,0,1,0,3.0,26053.92
Acer,Gaming,Windows 10,1920,1080,2073600,1,0,17.3,4.2,16,128,1024,0,0,1,0,0,0,1,0,0,2.6,103096.8
Dell,Notebook,Windows 10,1366,768,1049088,0,0,15.6,2.25,12,0,1024,0,0,0,0,1,0,1,0,0,2.5,34578.72
HP,Notebook,Windows 10,1920,1080,2073600,0,0,15.6,2.1,6,128,1024,0,0,0,1,0,0,0,1,0,3.0,34632.0
Acer,Notebook,Windows 10,1366,768,1049088,0,0,15.6,2.4,4,0,500,0,0,0,0,1,0,1,0,0,2.5,29783.52
Lenovo,Notebook,Windows 10,1920,1080,2073600,1,0,13.3,1.44,8,256,0,0,0,0,0,1,0,1,0,0,2.5,51148.8
Lenovo,Notebook,Windows 10,1920,1080,2073600,0,0,15.6,1.85,4,0,1024,0,0,0,0,1,0,1,0,0,2.7,41505.12
HP,Workstation,Windows 10,1920,1080,2073600,0,0,15.6,2.6,16,256,0,0,0,1,0,0,0,1,0,0,2.8,128884.32
Dell,2 in 1 Convertible,Windows 10,1920,1080,2073600,0,1,13.3,1.55,8,0,1024,0,0,0,0,1,0,1,0,0,1.6,35111.52
MSI,Gaming,Windows 10,1920,1080,2073600,0,0,15.6,1.8,16,256,1024,0,0,1,0,0,0,1,0,0,2.8,111593.8944
Acer,Notebook,Windows 10,1366,768,1049088,0,0,15.6,2.4,4,0,500,0,0,0,0,1,0,1,0,0,2.0,21887.424
Dell,Notebook,Windows 10,1920,1080,2073600,0,0,15.6,2.0,8,128,1024,0,0,1,0,0,0,1,0,0,2.7,64308.96
Dell,Notebook,Windows 10,1366,768,1049088,0,0,15.6,2.0,8,256,0,0,0,0,0,1,0,1,0,0,2.0,35431.2
Toshiba,Notebook,Windows 10,1920,1080,2073600,1,1,14.0,1.25,8,256,0,0,0,0,0,1,0,1,0,0,2.5,81784.8
Lenovo,2 in 1 Convertible,Windows 10,1920,1080,2073600,0,1,14.0,1.7,8,256,0,0,0,0,0,1,0,1,0,0,2.5,53226.72
Lenovo,Workstation,Windows 10,3840,2160,8294400,1,0,15.6,2.5,16,1024,0,0,0,1,0,0,0,1,0,0,2.8,175770.72
Acer,Notebook,Chrome OS,1366,768,1049088,0,0,14.0,1.68,2,0,0,0,32,0,0,1,0,1,0,0,1.6,17582.4
Samsung,Ultrabook,Windows 10,1920,1080,2073600,0,0,13.3,0.81,16,256,0,0,0,0,0,1,0,1,0,0,2.7,87858.72
HP,Notebook,Windows 10,1920,1080,2073600,0,0,15.6,1.86,8,256,0,0,0,0,0,1,0,1,0,0,2.0,28717.92
Dell,Notebook,Windows 10,1366,768,1049088,0,0,14.0,1.6,8,256,0,0,0,0,0,1,0,1,0,0,2.5,60031.1088
HP,Workstation,Windows 7,1920,1080,2073600,1,0,17.3,3.0,16,256,0,0,0,1,0,0,0,1,0,0,2.9,233845.92
Lenovo,Netbook,Windows 10,1366,768,1049088,0,1,11.6,1.4,4,128,0,0,0,0,0,1,0,1,0,0,1.6,25308.0
HP,Notebook,Windows 10,1920,1080,2073600,0,0,15.6,1.84,8,256,0,0,0,0,0,1,0,1,0,0,2.4,101232.0
Asus,Notebook,No OS,1366,768,1049088,0,0,15.6,2.45,4,0,1024,0,0,1,0,0,0,1,0,0,2.3,30849.12
Lenovo,Ultrabook,Windows 10,1920,1080,2073600,0,0,14.0,1.7,4,180,0,0,0,0,0,1,0,1,0,0,2.3,58394.88
Asus,Notebook,Windows 10,1366,768,1049088,0,0,15.6,2.37,4,256,0,0,0,0,0,1,0,1,0,0,2.7,45282.672
Lenovo,2 in 1 Convertible,Windows 10,3200,1800,5760000,1,1,13.3,1.3,8,256,0,0,0,0,0,1,0,1,0,0,1.8,63882.72
HP,Notebook,Windows 10,1920,1080,2073600,1,0,15.6,2.2,8,128,1024,0,0,1,0,0,0,1,0,0,2.5,58554.72
HP,Workstation,Windows 7,1920,1080,2073600,0,0,15.6,2.59,8,256,0,0,0,1,0,0,0,1,0,0,2.6,83170.08
Dell,Gaming,Windows 10,3840,2160,8294400,1,0,15.6,4.42,16,256,1024,0,0,1,0,0,0,1,0,0,2.8,152859.7872
Acer,Notebook,Windows 10,1366,768,1049088,0,0,15.6,2.1,4,256,0,0,0,0,0,1,0,1,0,0,2.5,31914.72
Lenovo,Gaming,Windows 10,1920,1080,2073600,1,0,15.6,2.5,8,128,1024,0,0,1,0,0,0,1,0,0,2.8,55837.44
Dell,Ultrabook,Windows 10,1920,1080,2073600,0,0,12.5,1.18,16,256,0,0,0,0,0,1,0,1,0,0,2.8,99047.52
Google,Ultrabook,Chrome OS,2400,1600,3840000,0,1,12.3,1.1,8,256,0,0,0,0,0,1,0,1,0,0,1.2,83063.52
Asus,Ultrabook,Windows 10,3200,1800,5760000,1,0,13.3,1.2,8,256,0,0,0,0,0,1,0,1,0,0,2.5,60153.12
Dell,Notebook,Windows 10,1366,768,1049088,0,0,13.3,1.65,4,0,500,0,0,0,0,1,0,1,0,0,2.0,45234.72
Acer,Notebook,Windows 10,1366,768,1049088,0,0,13.3,1.6,4,128,0,0,0,0,0,1,0,1,0,0,2.3,34898.4
Asus,Notebook,Windows 10,1366,768,1049088,0,0,17.3,2.8,4,0,1024,0,0,1,0,0,0,1,0,0,1.1,25059.7152
Dell,Gaming,Windows 10,3840,2160,8294400,1,1,15.6,2.72,16,128,1024,0,0,1,0,0,0,1,0,0,2.6,58554.72
Samsung,Ultrabook,Windows 10,1920,1080,2073600,0,1,13.3,1.31,8,256,0,0,0,0,0,1,0,1,0,0,2.7,85194.72
Acer,Notebook,Linux,1366,768,1049088,0,0,15.6,2.1,4,0,1024,0,0,0,0,1,0,1,0,0,1.1,15877.44
Dell,Notebook,Windows 10,1920,1080,2073600,0,0,15.6,2.3,16,256,0,0,0,0,1,0,0,1,0,0,2.7,62938.0656
Samsung,2 in 1 Convertible,Windows 10,1920,1080,2073600,0,1,15.0,1.71,16,256,0,0,0,0,1,0,0,1,0,0,2.7,95850.72
Toshiba,Notebook,Windows 10,1366,768,1049088,1,0,14.0,1.75,4,128,0,0,0,0,0,1,0,1,0,0,2.3,54345.6
Dell,Gaming,Windows 10,1920,1080,2073600,0,0,15.6,2.62,8,0,1024,0,0,1,0,0,0,1,0,0,2.8,58554.72
HP,Ultrabook,Windows 10,1366,768,1049088,0,0,12.5,1.26,4,256,0,0,0,0,0,1,0,1,0,0,2.3,66280.32
Asus,2 in 1 Convertible,Windows 10,1920,1080,2073600,0,1,15.6,2.3,12,0,2048,0,0,1,0,0,0,1,0,0,2.7,44701.92
Lenovo,Notebook,Windows 7,3840,2160,8294400,0,0,15.6,2.5,16,512,0,0,0,1,0,0,0,1,0,0,2.7,126273.6
Acer,Notebook,Windows 10,1920,1080,2073600,1,0,14.0,1.8,4,128,0,0,0,0,0,1,0,1,0,0,2.4,33886.08
Razer,Gaming,Windows 10,1920,1080,2073600,0,0,14.0,1.95,16,512,0,0,0,1,0,0,0,1,0,0,2.8,154458.72
Asus,Notebook,Windows 10,1920,1080,2073600,0,0,15.6,2.0,8,128,0,0,0,0,0,1,0,1,0,0,1.1,31003.632
Dell,Gaming,Windows 10,1920,1080,2073600,1,0,17.3,4.42,32,1024,1024,0,0,1,0,0,0,1,0,0,2.8,191211.264
Asus,Gaming,Windows 10,1920,1080,2073600,1,0,17.3,4.3,16,256,1024,0,0,1,0,0,0,1,0,0,2.6,125208.0
Toshiba,Ultrabook,Windows 10,1920,1080,2073600,1,0,14.0,1.47,16,512,0,0,0,1,0,0,0,1,0,0,2.6,93985.92
Lenovo,Notebook,No OS,1366,768,1049088,0,0,15.6,2.2,8,0,1024,0,0,0,0,1,0,1,0,0,1.6,17529.12
Lenovo,Ultrabook,Windows 10,1920,1080,2073600,0,0,14.0,1.7,16,512,0,0,0,0,0,1,0,1,0,0,2.7,122490.72
MSI,Gaming,Windows 10,1920,1080,2073600,1,0,14.0,1.6,16,256,1024,0,0,1,0,0,0,1,0,0,2.8,100752.48
MSI,Gaming,Windows 10,1920,1080,2073600,0,0,15.6,2.2,8,128,1024,0,0,1,0,0,0,1,0,0,2.5,58021.92
Lenovo,Gaming,Windows 10,1920,1080,2073600,1,0,15.6,2.4,4,0,1024,0,0,1,0,0,0,1,0,0,2.8,53226.72
Acer,Gaming,Windows 10,1920,1080,2073600,1,0,17.3,4.2,16,256,1024,0,0,1,0,0,0,1,0,0,2.8,122490.72
Dell,Gaming,Windows 10,1920,1080,2073600,0,0,15.6,2.62,8,256,0,0,0,1,0,0,0,1,0,0,2.5,52480.8
Asus,Gaming,Windows 10,1920,1080,2073600,0,0,15.6,2.24,8,128,1024,0,0,1,0,0,0,1,0,0,2.8,71341.92
Vero,Notebook,Windows 10,1920,1080,2073600,0,0,14.0,1.22,4,0,0,0,32,0,0,1,0,1,0,0,1.1,10810.512
Lenovo,2 in 1 Convertible,Windows 10,1920,1080,2073600,1,1,13.3,1.37,8,512,0,0,0,0,0,1,0,1,0,0,2.7,104961.6
Lenovo,2 in 1 Convertible,Windows 10,1920,1080,2073600,0,1,15.6,2.08,8,256,0,0,0,0,1,0,0,1,0,0,2.5,51095.52
Apple,Ultrabook,Mac OS X,2304,1440,3317760,1,0,12.0,0.92,8,0,0,0,512,0,0,1,0,1,0,0,1.2,62071.2
Lenovo,2 in 1 Convertible,Windows 10,2560,1440,3686400,1,1,14.0,1.42,8,256,0,0,0,0,0,1,0,1,0,0,2.5,124142.4
Asus,Notebook,Windows 10,1366,768,1049088,0,0,14.0,1.63,4,0,0,0,32,0,0,1,0,1,0,0,1.1,15930.72
Dell,Notebook,Windows 10,1366,768,1049088,0,0,15.6,1.95,8,128,0,0,0,0,0,1,0,1,0,0,2.5,43156.8
Lenovo,2 in 1 Convertible,Windows 10,1920,1080,2073600,1,1,13.9,1.38,8,256,0,0,0,0,0,1,0,1,0,0,2.7,71874.72
Dell,Notebook,Windows 10,1920,1080,2073600,0,0,15.6,2.0,8,256,0,0,0,0,1,0,0,1,0,0,2.0,39373.92
HP,Workstation,Windows 10,1920,1080,2073600,0,0,15.6,3.14,8,256,0,0,0,1,0,0,0,1,0,0,2.8,110017.872
Asus,Notebook,Windows 10,1920,1080,2073600,0,0,15.6,2.37,8,256,0,0,0,0,0,1,0,1,0,0,2.5,58554.72
Dell,Ultrabook,Windows 10,1920,1080,2073600,0,0,13.3,1.29,8,256,0,0,0,0,0,1,0,1,0,0,2.5,79866.72
Dell,Notebook,Windows 10,3840,2160,8294400,0,1,15.6,2.06,8,256,0,0,0,1,0,0,0,1,0,0,2.5,93186.72
Dell,Netbook,Windows 10,1366,768,1049088,0,0,11.6,1.63,4,128,0,0,0,0,0,1,0,1,0,0,1.1,39640.32
HP,Netbook,Windows 10,1366,768,1049088,0,0,12.5,1.26,8,256,0,0,0,0,0,1,0,1,0,0,2.6,74005.92
Toshiba,Notebook,Windows 10,1366,768,1049088,0,0,15.6,2.1,4,0,500,0,0,0,0,1,0,1,0,0,2.3,41558.4
HP,Notebook,Windows 10,1366,768,1049088,0,0,15.6,2.04,8,0,2048,0,0,0,1,0,0,0,1,0,2.5,33513.12
Dell,Gaming,Windows 10,3840,2160,8294400,0,0,15.6,2.62,16,512,0,0,0,1,0,0,0,1,0,0,2.8,89457.12
Lenovo,Notebook,Windows 10,1920,1080,2073600,0,0,15.6,2.4,4,0,1024,0,0,1,0,0,0,1,0,0,2.5,32447.52
HP,Gaming,Windows 10,1920,1080,2073600,1,0,17.3,3.74,12,0,1024,0,0,0,1,0,0,1,0,0,2.8,93186.72
MSI,Gaming,Windows 10,1920,1080,2073600,0,0,17.3,2.9,16,512,1024,0,0,1,0,0,0,1,0,0,2.8,128671.2
Samsung,Ultrabook,Windows 10,1920,1080,2073600,0,0,13.3,0.81,8,256,0,0,0,0,0,1,0,1,0,0,2.5,79866.72
Dell,Notebook,Windows 10,1920,1080,2073600,0,0,15.6,1.98,8,0,1024,0,0,1,0,0,0,1,0,0,2.7,51202.08
Dell,Notebook,Windows 10,1920,1080,2073600,0,0,15.6,2.18,8,256,0,0,0,0,1,0,0,1,0,0,2.5,42081.0768
Lenovo,Ultrabook,Windows 10,1920,1080,2073600,0,0,14.0,1.32,8,256,0,0,0,0,0,1,0,1,0,0,2.7,99047.52
Razer,Ultrabook,Windows 10,3840,2160,8294400,1,1,12.5,1.29,16,512,0,0,0,0,0,1,0,1,0,0,2.5,95850.72
HP,Netbook,Chrome OS,1366,768,1049088,0,0,11.6,1.23,4,0,0,0,16,0,0,1,0,1,0,0,1.6,20512.8
Dell,Gaming,Windows 10,1920,1080,2073600,1,0,17.3,4.36,16,128,1024,0,0,1,0,0,0,1,0,0,2.8,133467.4656
Dell,Notebook,Windows 10,1366,768,1049088,0,0,14.0,1.76,4,0,500,0,0,0,0,1,0,1,0,0,2.3,40226.4
Lenovo,Notebook,Windows 10,1366,768,1049088,0,0,15.6,2.1,4,0,500,0,0,0,0,1,0,1,0,0,2.0,26101.872
Toshiba,Ultrabook,Windows 10,1366,768,1049088,0,0,14.0,1.25,4,128,0,0,0,0,0,1,0,1,0,0,2.5,58075.2
Lenovo,Ultrabook,Windows 10,1920,1080,2073600,1,0,14.0,1.13,8,512,0,0,0,0,0,1,0,1,0,0,2.7,133146.72
MSI,Gaming,Windows 10,1920,1080,2073600,0,0,15.6,2.4,8,256,0,0,0,1,0,0,0,1,0,0,2.5,63882.72
Lenovo,Ultrabook,Windows 10,1920,1080,2073600,1,0,14.0,1.13,8,0,0,0,256,0,0,1,0,1,0,0,2.5,99900.0
Toshiba,Notebook,Windows 10,1366,768,1049088,0,0,14.0,1.75,4,128,0,0,0,0,0,1,0,1,0,0,2.1,26586.72
Asus,2 in 1 Convertible,Windows 10,1920,1080,2073600,0,1,13.3,1.1,8,256,0,0,0,0,0,1,0,1,0,0,2.5,72354.24
Dell,Notebook,Windows 10,1366,768,1049088,0,0,14.0,1.76,4,0,500,0,0,0,0,1,0,1,0,0,2.0,31168.8
Acer,Netbook,Chrome OS,1366,768,1049088,1,0,11.6,1.35,4,0,0,0,32,0,0,1,0,1,0,0,1.6,18914.4
Acer,Notebook,Windows 10,1920,1080,2073600,1,0,14.0,1.5,8,128,0,0,0,0,0,1,0,1,0,0,2.4,32980.32
Razer,Gaming,Windows 10,3840,2160,8294400,0,1,17.3,3.49,32,512,0,0,0,1,0,0,0,1,0,0,2.9,292986.72
Lenovo,Ultrabook,Windows 10,2560,1440,3686400,1,0,14.0,1.1,16,512,0,0,0,0,0,1,0,1,0,0,2.6,111834.72
Asus,Notebook,Linux,1920,1080,2073600,0,0,15.6,2.1,4,0,1024,0,0,1,0,0,0,1,0,0,2.5,27652.32
Lenovo,Notebook,Windows 10,1920,1080,2073600,0,0,14.0,1.7,8,256,0,0,0,0,0,1,0,1,0,0,2.3,63190.08
Lenovo,Notebook,Windows 10,1920,1080,2073600,1,0,14.0,1.32,8,256,0,0,0,0,0,1,0,1,0,0,2.6,87912.0
Dell,Gaming,Windows 10,1920,1080,2073600,0,0,15.6,3.21,16,256,1024,0,0,1,0,0,0,1,0,0,2.8,147832.2864
Asus,Gaming,Windows 10,1920,1080,2073600,0,0,17.3,2.9,16,256,1024,0,0,1,0,0,0,1,0,0,2.8,128884.32
Toshiba,Notebook,Windows 10,1366,768,1049088,0,0,15.6,2.0,4,0,500,0,0,0,0,1,0,1,0,0,2.4,35644.32
Lenovo,Notebook,Chrome OS,1366,768,1049088,0,0,14.0,1.5,4,0,0,0,16,0,0,1,0,1,0,0,1.6,17316.0
Asus,Notebook,Windows 10,1920,1080,2073600,0,0,15.6,2.3,8,0,128,0,0,0,0,1,0,1,0,0,2.5,31435.2
Asus,Gaming,Windows 10,1920,1080,2073600,0,0,17.3,2.73,16,512,1024,0,0,1,0,0,0,1,0,0,2.6,95850.72
Dell,Gaming,Windows 10,1920,1080,2073600,1,0,17.3,4.42,32,512,1024,0,0,1,0,0,0,1,0,0,2.8,163723.5792
HP,Notebook,Windows 10,1600,900,1440000,0,0,17.3,2.63,8,0,1024,0,0,1,0,0,0,1,0,0,2.5,48484.8
Dell,Notebook,Windows 10,1366,768,1049088,0,0,15.6,2.18,8,128,0,0,0,0,0,1,0,1,0,0,2.5,38041.3872
HP,Ultrabook,Windows 7,1920,1080,2073600,0,0,14.0,1.54,8,512,0,0,0,0,0,1,0,1,0,0,2.5,99633.6
Dell,Notebook,Windows 10,1920,1080,2073600,0,0,15.6,2.18,4,256,0,0,0,0,1,0,0,1,0,0,2.7,39373.92
HP,2 in 1 Convertible,Chrome OS,1366,768,1049088,0,1,11.6,1.4,4,0,0,0,32,0,0,1,0,1,0,0,1.1,32767.2
Asus,Ultrabook,Windows 10,1920,1080,2073600,1,0,13.3,1.45,8,512,0,0,0,1,0,0,0,1,0,0,2.3,54665.28
HP,2 in 1 Convertible,Windows 10,1920,1080,2073600,0,1,13.3,1.28,8,256,0,0,0,0,0,1,0,1,0,0,2.5,121318.56
HP,Ultrabook,Windows 10,1920,1080,2073600,0,0,14.0,1.54,8,512,0,0,0,0,0,1,0,1,0,0,2.5,78215.04
HP,Notebook,No OS,1366,768,1049088,0,0,15.6,1.86,4,128,0,0,0,0,0,1,0,1,0,0,1.6,15930.72
Asus,Gaming,Windows 10,1920,1080,2073600,0,0,15.6,2.1,16,128,1024,0,0,1,0,0,0,1,0,0,2.8,101178.72
Dell,Notebook,Linux,1920,1080,2073600,0,0,17.3,2.83,8,0,1024,0,0,0,1,0,0,1,0,0,2.7,46087.2
Lenovo,Ultrabook,Windows 10,1920,1080,2073600,1,0,14.0,1.96,8,256,0,0,0,1,0,0,0,1,0,0,2.8,101391.84
Asus,Notebook,Windows 10,1920,1080,2073600,1,0,15.6,2.3,8,256,0,0,0,1,0,0,0,1,0,0,2.7,41931.36
Dell,Notebook,Windows 10,1920,1080,2073600,0,0,15.6,1.9,8,128,0,0,0,0,0,1,0,1,0,0,2.5,50349.6
Asus,Notebook,Windows 10,1366,768,1049088,0,0,15.6,2.0,4,0,1024,0,0,0,0,1,0,1,0,0,1.1,23922.72
HP,2 in 1 Convertible,Windows 10,1920,1080,2073600,0,1,13.3,1.28,8,256,0,0,0,0,0,1,0,1,0,0,2.8,136343.52
Dell,Notebook,Windows 10,1920,1080,2073600,0,1,13.3,1.62,8,0,1024,0,0,0,0,1,0,1,0,0,2.3,34578.72
Lenovo,Notebook,No OS,1920,1080,2073600,0,0,15.6,2.2,4,0,1024,0,0,0,0,1,0,1,0,0,2.0,24988.32
Lenovo,Notebook,Windows 10,1920,1080,2073600,1,0,15.6,2.3,8,0,1024,0,0,0,0,1,0,1,0,0,2.5,45323.1648
HP,Notebook,Windows 10,1920,1080,2073600,0,0,15.6,1.84,8,256,0,0,0,0,1,0,0,1,0,0,2.6,71874.72
Toshiba,Notebook,Windows 10,1920,1080,2073600,0,0,13.3,1.05,4,128,0,0,0,0,0,1,0,1,0,0,2.5,68464.8
Lenovo,Gaming,No OS,1920,1080,2073600,1,0,15.6,2.5,8,0,1024,0,0,1,0,0,0,1,0,0,2.5,54185.76
Dell,Ultrabook,Windows 10,3200,1800,5760000,0,1,13.3,1.29,16,512,0,0,0,0,0,1,0,1,0,0,2.5,119347.2
HP,Notebook,Windows 10,1920,1080,2073600,0,0,15.6,2.07,4,0,500,0,0,0,0,1,0,1,0,0,2.3,48484.8
Toshiba,Ultrabook,Windows 10,1366,768,1049088,0,0,13.3,1.2,8,256,0,0,0,0,0,1,0,1,0,0,2.3,58341.6
Lenovo,2 in 1 Convertible,Windows 10,1920,1080,2073600,1,1,13.3,1.37,8,256,0,0,0,0,0,1,0,1,0,0,2.7,103896.0
Acer,Notebook,Windows 10,1920,1080,2073600,1,0,14.0,1.56,8,256,0,0,0,0,0,1,0,1,0,0,2.5,48058.56
Dell,Workstation,Windows 10,1920,1080,2073600,0,0,15.6,2.23,8,0,1024,0,0,1,0,0,0,1,0,0,2.8,94731.84
Lenovo,Notebook,Windows 10,1366,768,1049088,0,0,15.6,2.38,4,0,500,0,0,0,0,1,0,1,0,0,2.5,56210.4
Lenovo,Notebook,No OS,1920,1080,2073600,0,0,15.6,2.2,4,0,1024,0,0,0,1,0,0,1,0,0,2.0,25521.12
Toshiba,Notebook,Windows 10,1920,1080,2073600,1,0,15.6,2.0,8,256,0,0,0,0,0,1,0,1,0,0,2.7,73952.64
Lenovo,Notebook,Windows 10,1920,1080,2073600,1,0,13.3,1.44,4,180,0,0,0,0,0,1,0,1,0,0,2.4,39160.8
Samsung,Ultrabook,Windows 10,1920,1080,2073600,0,0,15.0,1.23,16,256,0,0,0,1,0,0,0,1,0,0,2.7,98514.72
Dell,Ultrabook,Windows 10,1920,1080,2073600,0,0,12.5,1.6,8,256,0,0,0,0,0,1,0,1,0,0,2.8,90043.2
Asus,Notebook,Linux,1366,768,1049088,0,0,15.6,2.0,4,0,1024,0,0,0,0,1,0,1,0,0,1.1,21258.1872
Xiaomi,Ultrabook,Windows 10,1920,1080,2073600,1,0,13.3,1.28,8,256,0,0,0,1,0,0,0,1,0,0,2.3,49816.8
Dell,Notebook,Windows 10,1920,1080,2073600,0,0,15.6,2.18,4,128,1024,0,0,1,0,0,0,1,0,0,2.5,48618.0
HP,Notebook,Windows 10,1920,1080,2073600,0,0,15.6,2.04,4,256,0,0,0,0,0,1,0,1,0,0,2.5,44701.92
HP,2 in 1 Convertible,Windows 10,1920,1080,2073600,0,1,13.3,1.28,4,256,0,0,0,0,0,1,0,1,0,0,2.5,90576.0
HP,2 in 1 Convertible,Windows 10,1366,768,1049088,0,1,15.6,2.3,4,0,500,0,0,0,0,1,0,1,0,0,2.5,36486.144
Asus,Notebook,Windows 10,1366,768,1049088,0,0,14.1,1.65,4,0,0,0,32,0,0,1,0,1,0,0,1.1,18541.44
Lenovo,Notebook,Windows 10,1920,1080,2073600,1,0,15.6,2.2,8,0,1024,0,0,1,0,0,0,1,0,0,2.5,35644.32
Dell,Notebook,Windows 10,1366,768,1049088,0,0,15.6,2.2,4,0,500,0,0,0,0,1,0,1,0,0,1.6,19660.32
HP,2 in 1 Convertible,Windows 10,1920,1080,2073600,0,1,13.3,1.28,4,256,0,0,0,0,0,1,0,1,0,0,2.5,95850.72
Dell,Notebook,Linux,1366,768,1049088,0,0,15.6,2.18,4,0,1024,0,0,0,1,0,0,1,0,0,2.0,24279.696
Asus,Gaming,Windows 10,1920,1080,2073600,0,0,17.3,2.2,12,128,1024,0,0,1,0,0,0,1,0,0,2.5,72988.272
Acer,Netbook,Chrome OS,1366,768,1049088,1,0,11.6,1.25,4,0,0,0,32,0,0,1,0,1,0,0,1.6,15824.16
Lenovo,Notebook,Windows 10,1600,900,1440000,0,0,17.3,2.8,4,0,500,0,0,0,1,0,0,0,1,0,2.2,20193.12
HP,Notebook,Windows 10,1920,1080,2073600,0,0,14.0,1.95,4,128,0,0,0,0,0,1,0,1,0,0,2.5,67399.2
HP,2 in 1 Convertible,Windows 10,3200,1800,5760000,0,1,13.3,1.42,16,256,0,0,0,0,0,1,0,1,0,0,2.7,74538.72
Samsung,Ultrabook,Windows 10,1920,1080,2073600,0,0,15.0,1.17,8,256,0,0,0,0,0,1,0,1,0,0,2.7,90522.72
Lenovo,Ultrabook,Windows 10,1920,1080,2073600,1,0,14.0,1.32,8,256,0,0,0,0,0,1,0,1,0,0,2.5,95850.72
MSI,Gaming,Windows 10,3840,2160,8294400,1,0,17.3,2.43,16,512,2048,0,0,1,0,0,0,1,0,0,2.6,141138.72
Toshiba,Notebook,Windows 10,1920,1080,2073600,0,0,13.3,1.05,8,256,0,0,0,0,0,1,0,1,0,0,2.5,78588.0
Dell,Gaming,Linux,1920,1080,2073600,0,0,15.6,2.62,8,0,1024,0,0,1,0,0,0,1,0,0,2.8,49497.12
HP,Notebook,Windows 10,1920,1080,2073600,0,0,15.6,2.04,8,0,1024,0,0,1,0,0,0,1,0,0,2.7,47952.0
Dell,Notebook,Windows 10,1366,768,1049088,0,0,15.6,2.18,4,0,1024,0,0,0,1,0,0,1,0,0,2.0,32713.92
Dell,Notebook,Windows 10,1920,1080,2073600,0,0,15.6,1.9,8,0,500,0,0,0,0,1,0,1,0,0,2.6,49816.8
Dell,2 in 1 Convertible,Windows 10,3200,1800,5760000,0,1,13.3,1.24,8,512,0,0,0,0,0,1,0,1,0,0,1.3,107257.968
Asus,Gaming,Windows 10,1920,1080,2073600,1,0,17.3,3.58,32,512,0,0,0,1,0,0,0,1,0,0,2.7,68145.12
Dell,2 in 1 Convertible,Windows 10,1920,1080,2073600,0,1,13.3,1.22,16,256,0,0,0,0,0,1,0,1,0,0,1.3,87858.72
Lenovo,Ultrabook,Windows 10,1920,1080,2073600,1,0,14.0,1.13,8,0,0,0,256,0,0,1,0,1,0,0,2.7,109170.72
Lenovo,Notebook,Windows 10,1920,1080,2073600,1,0,15.6,1.95,8,512,0,0,0,0,0,1,0,1,0,0,2.5,104588.1072
LG,Ultrabook,Windows 10,1920,1080,2073600,1,1,15.6,1.08,16,512,0,0,0,0,0,1,0,1,0,0,2.7,111834.72
HP,Netbook,Windows 10,1920,1080,2073600,0,0,12.5,1.26,8,512,0,0,0,0,0,1,0,1,0,0,2.7,79014.24
Acer,Notebook,Chrome OS,1920,1080,2073600,1,0,15.6,2.2,4,0,0,0,16,0,0,1,0,1,0,0,1.5,19127.52
Lenovo,Notebook,Windows 10,1920,1080,2073600,1,0,15.6,2.6,8,128,1024,0,0,1,0,0,0,1,0,0,2.3,42037.92
LG,Ultrabook,Windows 10,1920,1080,2073600,1,1,14.0,0.98,8,512,0,0,0,0,0,1,0,1,0,0,2.7,101178.72
Dell,Notebook,Windows 10,1920,1080,2073600,0,0,14.0,1.6,8,256,0,0,0,0,0,1,0,1,0,0,2.8,64202.4
HP,Ultrabook,Windows 10,3840,2160,8294400,0,1,12.5,1.09,8,240,0,0,0,0,0,1,0,1,0,0,1.2,165168.0
Lenovo,Notebook,Windows 10,1920,1080,2073600,0,0,15.6,2.2,6,256,0,0,0,1,0,0,0,1,0,0,2.7,42037.92
HP,Notebook,Windows 10,1920,1080,2073600,0,0,15.6,2.04,8,256,0,0,0,1,0,0,0,1,0,0,2.7,54291.7872
Acer,Notebook,Windows 10,1920,1080,2073600,0,0,15.6,2.4,4,0,1024,0,0,0,0,1,0,1,0,0,2.4,26586.72
Lenovo,Notebook,Windows 10,1920,1080,2073600,0,0,13.3,1.44,4,128,0,0,0,0,0,1,0,1,0,0,2.5,46939.68
HP,Notebook,Windows 10,1920,1080,2073600,0,0,13.3,1.49,8,256,0,0,0,0,0,1,0,1,0,0,2.5,51148.8
MSI,Gaming,Windows 10,1920,1080,2073600,0,0,17.3,2.7,16,256,1024,0,0,1,0,0,0,1,0,0,2.8,85194.72
Dell,Gaming,Windows 10,1920,1080,2073600,0,0,15.6,2.6,16,128,1024,0,0,1,0,0,0,1,0,0,2.8,71874.72
MSI,Gaming,Windows 10,1920,1080,2073600,0,0,15.6,2.2,8,128,1024,0,0,1,0,0,0,1,0,0,2.5,59668.8048
Dell,Notebook,Windows 10,1366,768,1049088,0,0,15.6,2.18,4,0,1024,0,0,0,1,0,0,1,0,0,2.5,36496.2672
HP,Ultrabook,Windows 10,1920,1080,2073600,0,0,15.6,1.84,8,256,0,0,0,0,1,0,0,1,0,0,2.5,69103.6272
HP,Ultrabook,Windows 10,3200,1800,5760000,0,1,13.3,1.39,8,256,0,0,0,0,0,1,0,1,0,0,2.7,61218.72
Toshiba,Notebook,Windows 10,1920,1080,2073600,1,0,15.6,2.4,16,256,0,0,0,1,0,0,0,1,0,0,2.6,105228.0
Lenovo,2 in 1 Convertible,Windows 10,1920,1080,2073600,1,1,13.3,1.37,8,512,0,0,0,0,0,1,0,1,0,0,2.5,97236.0
Dell,Notebook,Windows 10,1366,768,1049088,0,0,15.6,1.95,4,0,500,0,0,0,0,1,0,1,0,0,2.3,38889.072
Lenovo,Ultrabook,Windows 10,1920,1080,2073600,1,0,12.5,1.36,8,256,0,0,0,0,0,1,0,1,0,0,2.7,87912.0
HP,Notebook,Windows 10,1920,1080,2073600,0,0,15.6,2.31,8,256,0,0,0,0,0,1,0,1,0,0,2.3,62071.2
Dell,Notebook,Windows 10,1366,768,1049088,0,0,15.6,2.18,4,0,1024,0,0,0,0,1,0,1,0,0,2.5,37725.4368
HP,Notebook,Windows 10,1366,768,1049088,0,0,14.0,1.95,4,0,500,0,0,0,0,1,0,1,0,0,2.3,61218.72
Lenovo,Notebook,Windows 10,1366,768,1049088,0,0,15.6,2.2,4,0,1024,0,0,0,0,1,0,1,0,0,1.1,16463.52
HP,Ultrabook,Windows 10,1920,1080,2073600,0,0,12.5,1.26,4,0,500,0,0,0,0,1,0,1,0,0,2.3,84129.12
HP,Notebook,No OS,1366,768,1049088,0,0,15.6,1.86,4,0,1024,0,0,0,0,1,0,1,0,0,1.6,15392.592
Lenovo,2 in 1 Convertible,Windows 10,3200,1800,5760000,1,1,13.3,1.3,16,1024,0,0,0,0,0,1,0,1,0,0,2.2,95850.72
Toshiba,Notebook,Windows 10,1920,1080,2073600,1,0,14.0,1.47,4,128,0,0,0,0,0,1,0,1,0,0,2.3,58874.4
HP,Netbook,Windows 10,1920,1080,2073600,0,0,12.5,1.26,8,256,0,0,0,0,0,1,0,1,0,0,2.3,88924.32
Dell,Notebook,Windows 10,1366,768,1049088,0,0,15.6,2.18,4,0,1024,0,0,0,0,1,0,1,0,0,2.0,29762.208
MSI,Gaming,Windows 10,1920,1080,2073600,0,0,15.6,2.2,8,128,1024,0,0,1,0,0,0,1,0,0,2.8,63882.72
Dell,Ultrabook,Windows 10,1920,1080,2073600,0,0,14.0,1.36,8,256,0,0,0,0,0,1,0,1,0,0,2.5,87325.92
Dell,Gaming,Windows 10,2560,1440,3686400,0,0,17.3,4.36,16,512,1024,0,0,1,0,0,0,1,0,0,2.7,146946.24
HP,Gaming,Windows 10,1920,1080,2073600,1,0,17.3,2.75,8,128,1024,0,0,1,0,0,0,1,0,0,2.3,74538.72
Asus,Notebook,Windows 10,1600,900,1440000,0,0,17.3,2.8,4,0,1024,0,0,1,0,0,0,1,0,0,1.6,28238.4
Acer,Notebook,Windows 10,1366,768,1049088,0,0,15.6,2.23,4,0,500,0,0,0,0,1,0,1,0,0,2.5,32980.32
Toshiba,Notebook,Windows 10,1366,768,1049088,0,0,15.6,2.2,8,256,0,0,0,0,0,1,0,1,0,0,2.3,59620.32
Lenovo,2 in 1 Convertible,Windows 10,1920,1080,2073600,1,1,11.3,1.1,8,256,0,0,0,0,0,1,0,1,0,0,1.2,69210.72
Lenovo,Gaming,Windows 10,1920,1080,2073600,1,0,15.6,2.5,16,512,1024,0,0,0,1,0,0,0,1,0,2.1,53226.72
Dell,Ultrabook,Windows 10,1920,1080,2073600,0,1,12.5,1.36,8,256,0,0,0,0,0,1,0,1,0,0,2.5,78438.816
Lenovo,Notebook,No OS,1920,1080,2073600,0,0,15.6,2.2,8,0,1024,0,0,1,0,0,0,1,0,0,2.7,36496.8
Dell,Notebook,Windows 10,1600,900,1440000,0,0,17.3,2.36,4,0,1024,0,0,0,1,0,0,1,0,0,2.0,35111.52
Acer,Notebook,Chrome OS,1366,768,1049088,0,0,14.0,1.68,4,0,0,0,32,0,0,1,0,1,0,0,1.6,18594.72
HP,Workstation,Windows 10,1920,1080,2073600,1,0,15.6,2.0,8,8,0,0,0,1,0,0,0,1,0,0,2.7,119826.72
Dell,Ultrabook,Windows 10,1920,1080,2073600,0,0,14.0,1.36,8,256,0,0,0,0,0,1,0,1,0,0,2.8,94572.0
Toshiba,Notebook,Windows 7,1920,1080,2073600,0,0,13.3,1.2,8,256,0,0,0,0,0,1,0,1,0,0,2.3,77788.8
Asus,2 in 1 Convertible,Chrome OS,1920,1080,2073600,0,0,12.5,1.2,8,0,0,0,64,0,0,1,0,1,0,0,1.2,61751.52
Lenovo,Ultrabook,Windows 10,1920,1080,2073600,1,0,14.0,1.7,8,256,0,0,0,0,0,1,0,1,0,0,2.6,79333.3872
Dell,Gaming,Windows 10,3840,2160,8294400,1,0,17.3,4.36,16,512,1024,0,0,1,0,0,0,1,0,0,2.8,168045.12
Dell,2 in 1 Convertible,Windows 10,1920,1080,2073600,0,1,13.3,1.24,8,256,0,0,0,0,0,1,0,1,0,0,1.2,101178.72
HP,2 in 1 Convertible,Windows 10,1366,768,1049088,0,1,11.6,1.45,4,256,0,0,0,0,0,1,0,1,0,0,1.1,41292.0
Dell,Ultrabook,Windows 10,3200,1800,5760000,0,0,13.3,1.3,8,256,0,0,0,0,0,1,0,1,0,0,2.5,67559.04
Acer,2 in 1 Convertible,Chrome OS,1366,768,1049088,1,1,11.6,1.25,4,0,0,0,32,0,0,1,0,1,0,0,1.6,20725.92
Toshiba,Notebook,Windows 10,1920,1080,2073600,0,0,13.3,1.2,8,256,0,0,0,0,0,1,0,1,0,0,2.4,81784.8
Lenovo,Ultrabook,Windows 10,1920,1080,2073600,1,0,12.5,1.36,8,256,0,0,0,0,0,1,0,1,0,0,2.6,93772.8
Acer,Notebook,Windows 10,1920,1080,2073600,0,0,15.6,2.4,12,128,1024,0,0,1,0,0,0,1,0,0,2.5,53759.52
Toshiba,Ultrabook,Windows 10,1920,1080,2073600,0,1,12.5,1.1,8,512,0,0,0,0,0,1,0,1,0,0,2.7,95371.2
HP,Notebook,Windows 10,1366,768,1049088,0,0,15.6,2.04,8,0,1024,0,0,1,0,0,0,1,0,0,2.5,45101.52
Dell,Notebook,Linux,1366,768,1049088,0,0,15.6,2.25,4,0,1024,0,0,0,1,0,0,1,0,0,2.0,24808.2336
Dell,Notebook,Windows 10,1366,768,1049088,0,0,15.6,1.9,4,0,500,0,0,0,0,1,0,1,0,0,2.5,43956.0
HP,Notebook,Windows 10,1920,1080,2073600,0,0,15.6,2.04,4,0,500,0,0,0,0,1,0,1,0,0,2.4,36496.8
Dell,Gaming,Windows 10,1920,1080,2073600,1,0,17.3,4.42,32,256,1024,0,0,1,0,0,0,1,0,0,2.8,167778.72
Lenovo,Notebook,Windows 10,1920,1080,2073600,0,0,15.6,2.4,6,256,0,0,0,1,0,0,0,1,0,0,2.5,37029.6
Dell,2 in 1 Convertible,Windows 10,3200,1800,5760000,0,1,13.3,1.22,16,512,0,0,0,0,0,1,0,1,0,0,1.3,101178.72
Dell,Ultrabook,Windows 10,2560,1440,3686400,0,1,14.0,1.5,8,256,0,0,0,0,0,1,0,1,0,0,2.6,104587.5744
Dell,Gaming,Windows 10,1920,1080,2073600,0,0,17.3,4.42,32,256,1024,0,0,1,0,0,0,1,0,0,2.6,149184.0
Toshiba,Notebook,Windows 10,1920,1080,2073600,0,0,14.0,1.95,8,256,0,0,0,0,0,1,0,1,0,0,2.3,62870.4
Asus,Gaming,Windows 10,1920,1080,2073600,0,0,17.3,2.73,16,256,1024,0,0,1,0,0,0,1,0,0,2.8,109218.672
HP,Notebook,Windows 10,1920,1080,2073600,1,0,15.6,2.04,8,128,1024,0,0,1,0,0,0,1,0,0,2.7,52161.12
Lenovo,Notebook,Windows 7,1366,768,1049088,0,0,14.0,1.7,4,0,0,508,0,0,0,1,0,1,0,0,2.3,53386.56
Asus,2 in 1 Convertible,Windows 10,3840,2160,8294400,0,1,15.6,2.3,16,512,2048,0,0,1,0,0,0,1,0,0,2.7,95850.72
HP,Notebook,Windows 10,1366,768,1049088,0,0,15.6,2.04,6,0,1024,0,0,0,0,1,0,1,0,0,2.7,30849.12
Asus,Gaming,Windows 10,1920,1080,2073600,0,0,17.3,2.99,16,256,1024,0,0,1,0,0,0,1,0,0,2.8,93186.72
Dell,2 in 1 Convertible,Windows 10,1920,1080,2073600,1,1,15.6,2.19,12,512,0,0,0,0,0,1,0,1,0,0,2.7,69210.72
Toshiba,Notebook,Windows 7,1920,1080,2073600,0,0,13.3,1.2,4,128,0,0,0,0,0,1,0,1,0,0,2.3,63669.6
Lenovo,Notebook,Windows 10,1920,1080,2073600,0,0,15.6,2.2,6,256,0,0,0,0,1,0,0,0,1,0,3.6,29250.72
Fujitsu,Notebook,Windows 10,1366,768,1049088,0,0,15.6,2.3,4,256,0,0,0,0,0,1,0,1,0,0,2.3,34578.72
Toshiba,Notebook,Windows 10,1366,768,1049088,0,0,14.0,1.75,4,0,500,0,0,0,0,1,0,1,0,0,2.3,48751.2
Dell,Notebook,Windows 10,1366,768,1049088,0,0,15.6,2.25,4,0,500,0,0,0,1,0,0,1,0,0,2.5,31914.72
HP,Notebook,Windows 10,1920,1080,2073600,0,0,15.6,2.04,8,0,1024,0,0,0,0,1,0,1,0,0,2.5,42943.68
Lenovo,Gaming,Windows 10,1920,1080,2073600,1,0,15.6,2.5,8,128,1024,0,0,1,0,0,0,1,0,0,2.8,63349.92
Dell,Notebook,Windows 10,1366,768,1049088,0,0,15.6,2.36,8,0,1024,0,0,0,1,0,0,1,0,0,2.7,39906.72
Dell,Notebook,Windows 10,1920,1080,2073600,0,0,14.0,1.6,8,128,0,0,0,0,0,1,0,1,0,0,2.5,59620.32
HP,Netbook,Windows 10,1920,1080,2073600,0,0,12.5,0.97,8,512,0,0,0,0,0,1,0,1,0,0,1.2,101658.24
HP,Notebook,Windows 10,1920,1080,2073600,0,0,15.6,2.1,4,128,1024,0,0,0,1,0,0,1,0,0,2.0,26586.72
Lenovo,Notebook,No OS,1366,768,1049088,0,0,15.6,1.9,4,128,0,0,0,0,0,1,0,1,0,0,1.1,14418.6336
Lenovo,Notebook,Windows 10,1920,1080,2073600,0,0,15.6,2.3,8,256,0,0,0,0,0,1,0,1,0,0,2.3,71874.72
Dell,2 in 1 Convertible,Windows 10,1920,1080,2073600,0,1,13.3,1.68,8,256,0,0,0,0,0,1,0,1,0,0,2.5,47365.92
Asus,Notebook,Windows 10,3200,1800,5760000,0,0,13.3,1.4,8,256,0,0,0,0,0,1,0,1,0,0,2.5,61272.0
HP,Ultrabook,Windows 10,1920,1080,2073600,1,1,13.3,1.11,8,256,0,0,0,0,0,1,0,1,0,0,2.7,71874.72
Acer,Notebook,Windows 10,1366,768,1049088,0,0,15.6,2.4,4,0,500,0,0,0,0,1,0,1,0,0,1.1,20246.4
Asus,Gaming,Windows 10,1920,1080,2073600,0,0,15.6,2.5,16,256,1024,0,0,1,0,0,0,1,0,0,2.8,95850.72
HP,Ultrabook,Windows 10,1920,1080,2073600,0,0,14.0,1.48,8,512,0,0,0,0,0,1,0,1,0,0,2.7,111301.92
Acer,Gaming,Windows 10,1920,1080,2073600,1,0,15.6,2.7,8,128,1024,0,0,1,0,0,0,1,0,0,2.8,67132.8
HP,Notebook,Windows 10,1920,1080,2073600,1,0,13.3,1.34,8,256,0,0,0,0,0,1,0,1,0,0,2.5,63349.92
Dell,Notebook,Windows 10,1366,768,1049088,0,0,15.6,2.18,4,128,0,0,0,0,0,1,0,1,0,0,2.4,29144.16
HP,Notebook,Windows 10,1366,768,1049088,0,0,14.0,1.64,4,0,500,0,0,0,0,1,0,1,0,0,2.5,41505.12
Toshiba,Notebook,Windows 10,1920,1080,2073600,0,0,13.3,1.2,4,128,0,0,0,0,0,1,0,1,0,0,2.3,63669.6
HP,Notebook,Windows 10,1366,768,1049088,0,0,14.0,1.48,4,256,0,0,0,0,0,1,0,1,0,0,2.4,58607.4672
HP,Notebook,Windows 10,1920,1080,2073600,0,0,14.0,1.95,4,256,0,0,0,0,0,1,0,1,0,0,2.5,64202.4
HP,Ultrabook,Windows 7,1920,1080,2073600,0,0,14.0,1.43,8,256,0,0,0,0,0,1,0,1,0,0,2.6,77202.72
HP,Notebook,Windows 10,1920,1080,2073600,0,0,14.0,1.64,8,256,0,0,0,1,0,0,0,1,0,0,2.5,55904.5728
HP,Notebook,Windows 10,1366,768,1049088,0,0,14.0,1.64,4,0,500,0,0,0,0,1,0,1,0,0,2.4,36443.52
Dell,Gaming,Windows 10,1920,1080,2073600,0,0,15.6,2.65,8,0,0,1024,0,1,0,0,0,1,0,0,2.5,50562.72
HP,Ultrabook,Windows 10,1920,1080,2073600,0,0,12.5,1.26,4,0,500,0,0,0,0,1,0,1,0,0,2.5,81997.92
HP,Notebook,Windows 10,1920,1080,2073600,0,0,14.0,1.48,4,256,0,0,0,0,0,1,0,1,0,0,2.5,84715.2
HP,Ultrabook,Windows 10,1920,1080,2073600,0,0,14.0,1.54,8,256,0,0,0,0,0,1,0,1,0,0,2.5,100550.5488
HP,Notebook,Windows 10,1366,768,1049088,0,0,13.3,1.49,4,0,500,0,0,0,0,1,0,1,0,0,2.4,42624.0
Toshiba,Notebook,Windows 10,1366,768,1049088,0,0,13.3,1.5,8,256,0,0,0,0,0,1,0,1,0,0,2.3,64468.8
HP,Notebook,Windows 10,1366,768,1049088,0,0,15.6,2.04,4,256,0,0,0,0,0,1,0,1,0,0,2.4,41025.0672
Lenovo,Notebook,Windows 7,3840,2160,8294400,1,0,17.3,2.4,16,512,0,0,0,1,0,0,0,1,0,0,2.7,158135.04
Toshiba,Notebook,Windows 10,1920,1080,2073600,1,0,14.0,1.47,8,256,0,0,0,0,0,1,0,1,0,0,2.3,79387.2
HP,Notebook,Windows 10,1920,1080,2073600,0,0,14.0,1.43,8,256,0,0,0,0,0,1,0,1,0,0,2.5,118761.12
Dell,2 in 1 Convertible,Windows 10,1920,1080,2073600,1,1,15.6,2.08,4,0,1024,0,0,0,0,1,0,1,0,0,2.3,42410.3472
Toshiba,Ultrabook,Windows 10,1920,1080,2073600,0,0,13.3,1.2,8,256,0,0,0,0,0,1,0,1,0,0,2.3,84715.2
HP,Notebook,Windows 10,1920,1080,2073600,1,0,13.3,1.11,8,256,0,0,0,0,0,1,0,1,0,0,2.5,61218.72
HP,Notebook,Windows 10,1920,1080,2073600,0,0,14.0,1.64,8,256,0,0,0,1,0,0,0,1,0,0,2.7,63159.7104
Dell,Notebook,Windows 10,1920,1080,2073600,0,0,15.6,2.09,8,0,500,0,0,0,0,1,0,1,0,0,2.4,55754.3232
HP,Ultrabook,Windows 10,1366,768,1049088,0,0,12.5,1.26,4,256,0,0,0,0,0,1,0,1,0,0,2.5,83063.52
HP,Notebook,Windows 10,1366,768,1049088,0,0,14.0,2.31,4,0,500,0,0,0,0,1,0,1,0,0,2.5,63349.92
HP,Notebook,Windows 10,1366,768,1049088,0,0,14.0,1.95,4,0,500,0,0,0,0,1,0,1,0,0,2.5,56476.8
Dell,Ultrabook,Windows 10,3200,1800,5760000,0,1,13.3,1.29,8,256,0,0,0,0,0,1,0,1,0,0,2.5,86526.72
HP,Notebook,Windows 10,1920,1080,2073600,0,0,17.3,2.63,8,256,0,0,0,1,0,0,0,1,0,0,2.5,57542.4
HP,Notebook,Windows 10,1366,768,1049088,0,0,14.0,1.64,4,256,0,0,0,0,0,1,0,1,0,0,2.5,51841.44
Acer,Notebook,Windows 10,1366,768,1049088,0,0,15.6,2.1,6,0,1024,0,0,0,1,0,0,0,1,0,3.0,21791.52
MSI,Gaming,Windows 10,1920,1080,2073600,0,0,17.3,2.7,8,128,1024,0,0,1,0,0,0,1,0,0,2.8,63499.104
HP,Notebook,Windows 7,1920,1080,2073600,0,0,14.0,1.95,8,256,0,0,0,0,0,1,0,1,0,0,2.3,63669.6
HP,Notebook,Windows 10,1920,1080,2073600,0,0,15.6,1.84,8,256,0,0,0,0,0,1,0,1,0,0,2.5,65480.5872
HP,Ultrabook,Windows 10,1920,1080,2073600,0,0,12.5,1.26,8,256,0,0,0,0,0,1,0,1,0,0,2.5,71874.72
HP,Notebook,Windows 10,1366,768,1049088,0,0,15.6,2.04,4,0,500,0,0,0,0,1,0,1,0,0,2.5,39533.76
Toshiba,Ultrabook,Windows 10,1920,1080,2073600,1,0,14.0,1.47,8,256,0,0,0,0,0,1,0,1,0,0,2.6,91908.0
Dell,Notebook,Windows 7,1920,1080,2073600,0,0,15.6,2.09,8,256,0,0,0,0,0,1,0,1,0,0,2.4,56633.976
HP,Notebook,Windows 10,1920,1080,2073600,0,0,14.0,1.64,8,256,0,0,0,0,0,1,0,1,0,0,2.5,53839.9728
Lenovo,2 in 1 Convertible,Windows 10,1920,1080,2073600,1,1,15.6,1.8,4,256,0,0,0,0,0,1,0,1,0,0,2.5,45128.16
Vero,Notebook,Windows 10,1366,768,1049088,0,0,14.0,1.45,2,0,0,0,32,0,0,1,0,1,0,0,1.44,11231.424
Toshiba,Notebook,Windows 10,1920,1080,2073600,1,0,15.6,2.4,16,256,0,0,0,1,0,0,0,1,0,0,2.5,75924.0
Lenovo,Notebook,Windows 10,1920,1080,2073600,0,0,15.6,2.3,8,256,0,0,0,0,0,1,0,1,0,0,2.3,55922.688
HP,Notebook,Windows 10,1920,1080,2073600,0,0,14.0,1.54,4,0,500,0,0,0,0,1,0,1,0,0,2.3,53280.0
HP,Notebook,Windows 10,1920,1080,2073600,0,0,15.6,1.84,8,256,500,0,0,0,0,1,0,1,0,0,2.4,112065.9552
HP,Notebook,Windows 7,1920,1080,2073600,0,0,14.0,1.43,8,256,0,0,0,0,0,1,0,1,0,0,2.3,78268.32
MSI,Gaming,Windows 10,1920,1080,2073600,1,0,17.3,3.78,16,256,1024,0,0,1,0,0,0,1,0,0,2.7,82351.6992
Lenovo,Gaming,Windows 10,1920,1080,2073600,1,0,17.3,4.6,16,128,1024,0,0,1,0,0,0,1,0,0,2.6,122010.6672
Asus,Netbook,Chrome OS,1366,768,1049088,0,0,11.6,1.2,4,0,0,0,16,0,0,1,0,1,0,0,1.6,15339.312
Lenovo,Notebook,Windows 7,2560,1440,3686400,1,0,14.0,1.1,16,256,0,0,0,0,0,1,0,1,0,0,2.6,139593.6
HP,Notebook,Windows 10,1920,1080,2073600,1,0,15.6,1.91,8,0,1024,0,0,1,0,0,0,1,0,0,2.7,52161.12
Dell,2 in 1 Convertible,Windows 10,1920,1080,2073600,1,1,15.6,2.3,8,256,0,0,0,0,0,1,0,1,0,0,2.7,58288.32
HP,Notebook,Windows 10,1366,768,1049088,0,0,15.6,2.04,4,256,0,0,0,0,0,1,0,1,0,0,2.5,52161.12
Dell,Ultrabook,Windows 10,3200,1800,5760000,0,1,13.3,1.2,16,1024,0,0,0,0,0,1,0,1,0,0,2.7,120093.12
HP,Notebook,Windows 10,1366,768,1049088,0,0,15.6,2.31,4,0,500,0,0,0,0,1,0,1,0,0,2.3,37570.392
HP,Notebook,No OS,1366,768,1049088,0,0,15.6,1.96,4,0,500,0,0,0,0,1,0,1,0,0,2.5,26586.72
Acer,Notebook,Windows 10,1366,768,1049088,0,0,15.6,2.4,8,0,1024,0,0,0,1,0,0,0,1,0,2.2,23922.72
Dell,2 in 1 Convertible,Windows 10,1920,1080,2073600,1,1,13.3,1.6,12,256,0,0,0,0,0,1,0,1,0,0,2.7,69210.72
MSI,Gaming,Windows 10,1920,1080,2073600,0,0,15.6,2.94,16,256,1024,0,0,1,0,0,0,1,0,0,2.6,96916.32
HP,Notebook,Windows 10,1920,1080,2073600,0,0,15.6,2.04,8,256,0,0,0,0,0,1,0,1,0,0,2.7,57009.6
Asus,Gaming,No OS,1920,1080,2073600,1,0,17.3,4.0,16,0,1024,0,0,1,0,0,0,1,0,0,2.6,53173.44
Dell,Notebook,Windows 10,1920,1080,2073600,0,0,15.6,2.25,4,0,1024,0,0,0,0,1,0,1,0,0,2.5,29783.52
Dell,Notebook,Windows 10,1920,1080,2073600,0,0,15.6,2.32,16,0,2048,0,0,0,1,0,0,1,0,0,2.7,52746.6672
MSI,Gaming,Windows 10,1920,1080,2073600,0,0,15.6,1.8,16,256,1024,0,0,1,0,0,0,1,0,0,2.6,102777.12
Dell,Ultrabook,Windows 10,1920,1080,2073600,0,0,13.3,1.29,8,256,0,0,0,0,0,1,0,1,0,0,2.7,77682.24
Asus,Gaming,Windows 10,1920,1080,2073600,1,0,17.3,3.58,64,1024,0,0,0,1,0,0,0,1,0,0,2.7,211788.0
Dell,2 in 1 Convertible,Windows 10,1920,1080,2073600,0,1,13.3,1.62,8,256,0,0,0,0,0,1,0,1,0,0,2.5,42517.9728
Dell,Gaming,Windows 10,3840,2160,8294400,0,0,15.6,3.21,16,256,1024,0,0,1,0,0,0,1,0,0,2.6,70809.12
Apple,Ultrabook,Mac OS X,2304,1440,3317760,1,0,12.0,0.92,8,0,0,0,256,0,0,1,0,1,0,0,1.1,69264.0
Dell,Notebook,Windows 10,1366,768,1049088,0,0,15.6,2.06,4,0,500,0,0,0,0,1,0,1,0,0,2.3,25679.8944
HP,Notebook,Windows 10,1366,768,1049088,0,0,15.6,2.31,4,0,500,0,0,0,0,1,0,1,0,0,2.3,63882.72
HP,Ultrabook,Windows 7,1920,1080,2073600,0,0,12.5,1.26,8,256,0,0,0,0,0,1,0,1,0,0,2.3,63882.72
HP,Notebook,Windows 10,1920,1080,2073600,0,0,13.3,1.49,8,256,0,0,0,0,0,1,0,1,0,0,2.7,58075.2
Lenovo,Ultrabook,Windows 10,1920,1080,2073600,1,1,12.5,1.3,8,256,0,0,0,0,0,1,0,1,0,0,2.5,91294.7472
Lenovo,Notebook,Windows 10,1600,900,1440000,0,0,17.3,3.0,8,0,1024,0,0,0,1,0,0,1,0,0,2.3,35111.52
Lenovo,Notebook,Windows 10,1920,1080,2073600,1,0,15.6,2.3,4,0,1024,0,0,1,0,0,0,1,0,0,2.3,52054.56
MSI,Gaming,Windows 10,1920,1080,2073600,0,0,17.3,3.78,16,256,1024,0,0,1,0,0,0,1,0,0,2.8,133146.72
Lenovo,Notebook,Windows 10,1366,768,1049088,0,0,15.6,2.1,4,0,500,0,0,0,0,1,0,1,0,0,2.3,28771.2
HP,Notebook,Windows 7,1920,1080,2073600,0,0,15.6,2.31,4,0,500,0,0,0,0,1,0,1,0,0,2.3,50083.2
Lenovo,Ultrabook,Windows 10,2560,1440,3686400,1,1,12.5,0.99,8,512,0,0,0,0,0,1,0,1,0,0,1.2,74538.72
Lenovo,Gaming,Windows 10,1920,1080,2073600,1,0,17.3,4.6,32,512,0,1024,0,1,0,0,0,1,0,0,2.7,172627.2
Lenovo,2 in 1 Convertible,Windows 10,1920,1200,2304000,1,1,10.1,0.69,4,0,0,0,64,0,0,1,0,1,0,0,1.44,34433.2656
HP,Ultrabook,Windows 10,3840,2160,8294400,1,0,13.3,1.3,16,512,0,0,0,0,0,1,0,1,0,0,2.7,109170.72
Dell,Notebook,Windows 10,1920,1080,2073600,0,0,15.6,2.18,8,256,0,0,0,0,0,1,0,1,0,0,2.5,39960.0
HP,Notebook,Windows 7,1920,1080,2073600,0,0,14.0,1.54,4,0,500,0,0,0,0,1,0,1,0,0,2.3,54931.1472
HP,Workstation,Windows 7,1920,1080,2073600,0,0,15.6,1.9,8,256,0,0,0,0,1,0,0,1,0,0,2.5,79653.6
Lenovo,Notebook,Windows 7,1920,1080,2073600,0,0,14.0,1.7,8,180,0,0,0,0,0,1,0,1,0,0,2.3,63882.72
HP,Notebook,Chrome OS,3200,1800,5760000,0,0,13.3,1.29,4,0,0,0,32,0,0,1,0,1,0,0,1.5,32767.2
Acer,Notebook,Windows 10,1366,768,1049088,0,0,15.6,2.4,4,0,500,0,0,0,1,0,0,0,1,0,2.2,20619.36
Dell,Notebook,Linux,1366,768,1049088,0,0,15.6,2.2,4,0,500,0,0,0,0,1,0,1,0,0,1.6,20965.1472
HP,Notebook,No OS,1366,768,1049088,0,0,15.6,1.86,4,0,1024,0,0,0,0,1,0,1,0,0,2.0,18434.3472
Asus,Gaming,Windows 10,1920,1080,2073600,1,0,17.3,2.7,8,256,1024,0,0,1,0,0,0,1,0,0,2.8,85194.72
Dell,Ultrabook,Windows 10,1920,1080,2073600,1,0,13.3,1.4,4,256,0,0,0,0,1,0,0,1,0,0,1.6,43601.688
HP,Netbook,Windows 7,1366,768,1049088,0,0,12.5,2.4,4,128,0,0,0,0,0,1,0,1,0,0,2.3,85194.72
Acer,Notebook,Windows 10,1920,1080,2073600,0,0,15.6,2.4,8,256,1024,0,0,1,0,0,0,1,0,0,2.5,42570.72
Dell,Notebook,Windows 10,1920,1080,2073600,0,0,15.6,2.36,8,0,1024,0,0,0,1,0,0,1,0,0,2.5,34035.264
MSI,Gaming,Windows 10,1920,1080,2073600,0,0,17.3,2.6,8,256,0,0,0,1,0,0,0,1,0,0,2.6,85194.72
HP,Notebook,Windows 10,1366,768,1049088,0,0,15.6,1.96,4,0,1024,0,0,0,0,1,0,1,0,0,1.6,26640.0
Asus,Gaming,Windows 10,1920,1080,2073600,1,0,17.3,4.3,16,128,1024,0,0,1,0,0,0,1,0,0,2.6,122490.72
Dell,Ultrabook,Windows 7,1366,768,1049088,0,0,12.5,1.5,4,0,500,0,0,0,0,1,0,1,0,0,2.3,60480.792
Dell,Ultrabook,Windows 7,1366,768,1049088,0,0,12.5,1.5,4,128,0,0,0,0,0,1,0,1,0,0,2.3,62176.1616
Acer,Notebook,Chrome OS,1366,768,1049088,0,0,15.6,2.2,4,16,0,0,0,0,0,1,0,1,0,0,1.5,11135.52
HP,Workstation,Windows 7,1920,1080,2073600,1,0,17.3,3.0,8,0,1024,0,0,0,1,0,0,1,0,0,2.6,154458.72
Lenovo,Gaming,Windows 10,1920,1080,2073600,0,0,15.6,2.4,16,512,0,0,0,1,0,0,0,1,0,0,2.8,63882.72
Dell,Ultrabook,Windows 7,1366,768,1049088,0,0,12.5,1.5,8,256,0,0,0,0,0,1,0,1,0,0,2.3,75289.968
MSI,Gaming,Windows 10,1920,1080,2073600,0,0,17.3,2.9,8,128,1024,0,0,1,0,0,0,1,0,0,2.6,80516.2032
Lenovo,2 in 1 Convertible,Windows 10,1920,1080,2073600,1,1,15.6,2.1,4,256,0,0,0,0,0,1,0,1,0,0,2.3,46193.76
HP,Notebook,Windows 10,1920,1080,2073600,0,0,15.6,2.1,4,0,1024,0,0,0,1,0,0,0,1,0,2.5,21205.44
Asus,Gaming,Windows 10,1920,1080,2073600,1,0,15.6,2.59,16,128,1024,0,0,1,0,0,0,1,0,0,2.6,71341.92
HP,Notebook,Windows 10,3200,1800,5760000,0,1,13.3,1.16,8,256,0,0,0,0,0,1,0,1,0,0,1.1,90522.72
Dell,Notebook,Windows 7,1366,768,1049088,0,0,15.6,2.24,4,0,500,0,0,0,1,0,0,1,0,0,2.3,40980.312
Lenovo,Notebook,Windows 10,1366,768,1049088,0,0,15.6,2.1,4,128,0,0,0,0,0,1,0,1,0,0,2.0,22857.12
HP,Ultrabook,Windows 10,1920,1080,2073600,0,0,13.3,1.16,8,512,0,0,0,0,0,1,0,1,0,0,2.5,104908.32
Lenovo,2 in 1 Convertible,Android,1920,1200,2304000,1,1,10.1,0.69,4,0,0,0,64,0,0,1,0,1,0,0,1.44,29250.72
Dell,Ultrabook,Windows 10,1920,1080,2073600,0,0,13.3,1.23,8,256,0,0,0,0,0,1,0,1,0,0,2.4,73473.12
Lenovo,Gaming,Windows 10,1920,1080,2073600,1,0,17.3,4.6,16,256,0,1024,0,1,0,0,0,1,0,0,2.7,146519.4672
Razer,Ultrabook,Windows 10,3840,2160,8294400,0,1,12.5,1.25,8,256,0,0,0,0,0,1,0,1,0,0,2.5,54825.12
Toshiba,Ultrabook,Windows 10,1920,1080,2073600,0,0,13.3,1.05,16,512,0,0,0,0,0,1,0,1,0,0,2.7,118601.28
Asus,Gaming,Windows 10,1920,1080,2073600,0,0,17.3,3.52,8,128,1024,0,0,1,0,0,0,1,0,0,2.6,69929.4672
Vero,Notebook,Windows 10,1920,1080,2073600,0,0,13.3,1.35,4,0,0,0,32,0,0,1,0,1,0,0,1.44,10442.88
HP,Notebook,Windows 10,1920,1080,2073600,0,0,13.3,1.16,8,256,0,0,0,0,0,1,0,1,0,0,2.3,90043.2
HP,Notebook,Windows 7,1920,1080,2073600,0,0,14.0,1.43,8,256,0,0,0,0,0,1,0,1,0,0,2.3,80612.64
Dell,Notebook,Linux,1366,768,1049088,0,0,15.6,2.09,4,0,500,0,0,0,0,1,0,1,0,0,2.3,27899.0064
Asus,Notebook,Windows 10,1366,768,1049088,0,0,15.6,2.0,4,0,1024,0,0,0,0,1,0,1,0,0,2.4,23176.8
Lenovo,2 in 1 Convertible,Windows 10,1920,1080,2073600,1,1,14.0,1.8,8,256,0,0,0,0,0,1,0,1,0,0,2.5,88924.32
Lenovo,2 in 1 Convertible,Windows 10,1920,1200,2304000,1,1,10.1,0.69,4,0,0,0,64,0,0,1,0,1,0,0,1.44,25521.12
HP,Ultrabook,Windows 7,1366,768,1049088,0,0,12.5,1.26,8,256,0,0,0,0,0,1,0,1,0,0,2.4,100965.6
Lenovo,Gaming,No OS,1920,1080,2073600,1,0,15.6,2.4,8,128,1024,0,0,1,0,0,0,1,0,0,2.5,52693.92
HP,Gaming,Windows 10,1920,1080,2073600,1,0,17.3,3.35,8,128,1024,0,0,1,0,0,0,1,0,0,2.3,60153.12
HP,Notebook,Windows 10,1366,768,1049088,0,0,15.6,2.04,8,0,2048,0,0,0,0,1,0,1,0,0,2.7,33513.12
Lenovo,2 in 1 Convertible,Windows 7,1920,1080,2073600,1,1,14.0,1.8,8,512,0,0,0,1,0,0,0,1,0,0,2.6,109244.2464
Asus,Notebook,Windows 10,1366,768,1049088,0,0,14.0,1.5,4,0,0,0,32,0,0,1,0,1,0,0,1.1,14811.84
HP,Ultrabook,Windows 10,1920,1080,2073600,0,0,15.6,1.84,8,256,0,0,0,0,0,1,0,1,0,0,2.7,40066.56
Acer,Notebook,Windows 10,1920,1080,2073600,0,0,15.6,2.23,4,0,1024,0,0,1,0,0,0,1,0,0,2.5,32820.48
Lenovo,Notebook,Windows 10,1920,1080,2073600,0,0,15.6,2.5,16,0,0,1024,0,0,1,0,0,1,0,0,2.5,58554.72
HP,Workstation,Windows 7,1920,1080,2073600,1,0,17.3,3.0,8,256,0,0,0,1,0,0,0,1,0,0,2.6,210424.032
Dell,Notebook,Windows 10,1366,768,1049088,0,0,15.6,2.5,8,0,1024,0,0,0,1,0,0,1,0,0,2.5,41771.52
MSI,Gaming,Windows 10,1920,1080,2073600,0,0,17.3,3.78,16,256,1024,0,0,1,0,0,0,1,0,0,2.7,127818.72
HP,Ultrabook,Windows 7,1920,1080,2073600,0,0,15.6,1.88,8,256,0,0,0,0,0,1,0,1,0,0,2.5,115709.2416
Lenovo,2 in 1 Convertible,Windows 10,2560,1440,3686400,1,1,14.0,2.8,16,512,0,0,0,0,0,1,0,1,0,0,2.6,130003.2
MSI,Gaming,Windows 10,1920,1080,2073600,0,0,15.6,2.4,8,128,1024,0,0,1,0,0,0,1,0,0,2.8,60888.384
HP,2 in 1 Convertible,Windows 10,1920,1080,2073600,0,1,13.3,1.48,8,256,0,0,0,0,0,1,0,1,0,0,2.4,86793.12
HP,Workstation,Windows 7,1920,1080,2073600,1,0,15.6,2.59,8,256,0,0,0,1,0,0,0,1,0,0,2.6,118761.12
HP,2 in 1 Convertible,Windows 10,2560,1440,3686400,0,1,13.3,1.48,8,256,0,0,0,0,0,1,0,1,0,0,2.6,95850.72
HP,Workstation,Windows 7,1920,1080,2073600,0,0,15.6,2.0,8,256,0,0,0,1,0,0,0,1,0,0,2.6,101178.72
HP,Ultrabook,Windows 7,1920,1080,2073600,0,0,12.5,1.26,8,256,0,0,0,0,0,1,0,1,0,0,2.5,122381.496
Dell,Notebook,Windows 10,1920,1080,2073600,0,0,15.6,2.18,8,256,0,0,0,1,0,0,0,1,0,0,2.7,53807.472
HP,Notebook,Windows 7,1920,1080,2073600,0,0,15.6,1.88,8,256,0,0,0,0,0,1,0,1,0,0,2.3,84129.12
Lenovo,2 in 1 Convertible,Windows 10,2560,1440,3686400,1,1,14.0,1.27,8,256,0,0,0,0,0,1,0,1,0,0,2.5,124621.92
Lenovo,Notebook,No OS,1366,768,1049088,0,0,15.6,1.9,4,0,1024,0,0,0,0,1,0,1,0,0,2.0,18061.92
HP,Notebook,Windows 10,1366,768,1049088,0,0,15.6,1.86,4,0,500,0,0,0,1,0,0,0,1,0,1.8,15824.16
Lenovo,Notebook,No OS,1920,1080,2073600,0,0,15.6,2.32,8,0,1024,0,0,0,1,0,0,1,0,0,2.3,31914.72
Dell,Gaming,Windows 10,1920,1080,2073600,0,0,15.6,2.62,8,0,1024,0,0,1,0,0,0,1,0,0,2.8,63882.72
Dell,Notebook,Windows 10,3840,2160,8294400,1,1,15.6,2.04,8,256,0,0,0,1,0,0,0,1,0,0,2.3,119916.2304
HP,Notebook,Windows 10,1920,1080,2073600,0,0,15.6,1.91,4,256,0,0,0,0,1,0,0,0,1,0,2.5,25515.2592
MSI,Gaming,Windows 10,1920,1080,2073600,0,0,17.3,2.7,16,256,1024,0,0,1,0,0,0,1,0,0,2.8,79536.384
Lenovo,Ultrabook,Windows 7,1920,1080,2073600,0,0,14.0,1.4,12,512,0,0,0,0,0,1,0,1,0,0,2.6,122490.72
Lenovo,Notebook,Windows 10,1920,1080,2073600,0,0,15.6,2.5,8,0,0,1024,0,0,1,0,0,1,0,0,2.3,42010.7472
HP,2 in 1 Convertible,Windows 10,2560,1440,3686400,0,1,13.3,1.48,8,512,0,0,0,0,0,1,0,1,0,0,2.6,108744.48
Lenovo,Ultrabook,Windows 7,1920,1080,2073600,0,0,14.0,1.7,8,256,0,0,0,0,0,1,0,1,0,0,2.6,79866.72
MSI,Gaming,Windows 10,1920,1080,2073600,0,0,14.0,1.7,16,256,1024,0,0,1,0,0,0,1,0,0,2.6,94252.32
HP,Gaming,Windows 10,1920,1080,2073600,1,0,15.6,2.62,8,0,1024,0,0,1,0,0,0,1,0,0,2.8,47898.72
Lenovo,Notebook,Windows 10,1366,768,1049088,0,0,15.6,2.2,8,0,1024,0,0,0,0,1,0,1,0,0,2.0,24455.52
HP,Notebook,No OS,1366,768,1049088,0,0,15.6,2.1,4,0,500,0,0,0,0,1,0,1,0,0,2.3,25414.0272
Dell,Gaming,Windows 10,3840,2160,8294400,0,0,15.6,2.62,8,128,1024,0,0,1,0,0,0,1,0,0,2.8,79813.44
Lenovo,Notebook,Windows 10,1920,1080,2073600,1,0,15.6,1.95,8,256,0,0,0,0,0,1,0,1,0,0,2.5,74059.2
Lenovo,Notebook,Windows 10,1920,1080,2073600,0,0,15.6,2.2,4,0,1024,0,0,1,0,0,0,1,0,0,2.0,24935.04
HP,Notebook,Windows 10,1366,768,1049088,0,0,14.0,1.44,2,0,0,0,32,0,0,1,0,1,0,0,1.6,13266.72
MSI,Gaming,Windows 10,1920,1080,2073600,1,0,15.6,2.2,8,0,1024,0,0,1,0,0,0,1,0,0,2.7,44701.92
HP,Notebook,Windows 10,1920,1080,2073600,0,0,15.6,1.96,8,256,0,0,0,0,0,1,0,1,0,0,2.5,36177.12
HP,Notebook,Windows 10,1920,1080,2073600,0,0,15.6,2.1,16,512,0,0,0,0,0,1,0,1,0,0,1.8,61751.52
Asus,Notebook,Windows 10,1366,768,1049088,0,0,15.6,2.2,4,0,500,0,0,0,0,1,0,1,0,0,1.6,19660.32
Lenovo,Notebook,No OS,1366,768,1049088,0,0,15.6,2.1,4,0,500,0,0,0,0,1,0,1,0,0,2.3,21205.44
Lenovo,Notebook,No OS,1920,1080,2073600,0,0,15.6,2.2,8,0,1024,0,0,1,0,0,0,1,0,0,2.7,37775.52
Asus,Notebook,Windows 10,1920,1080,2073600,0,0,14.0,2.0,4,256,0,0,0,0,0,1,0,1,0,0,2.4,40972.32
Lenovo,Notebook,Windows 7,1920,1080,2073600,0,0,15.6,2.32,4,0,0,1024,0,0,0,1,0,1,0,0,2.5,43956.0
Lenovo,Gaming,Windows 10,1920,1080,2073600,1,0,15.6,3.31,16,512,0,0,0,1,0,0,0,1,0,0,2.6,69530.4
MSI,Gaming,Windows 10,1920,1080,2073600,0,0,15.6,1.91,16,128,1024,0,0,1,0,0,0,1,0,0,2.6,114731.5536
HP,Notebook,Windows 10,1366,768,1049088,0,0,15.6,2.07,4,0,500,0,0,0,0,1,0,1,0,0,2.3,34632.0
Lenovo,2 in 1 Convertible,Windows 10,2560,1440,3686400,1,1,14.0,1.36,8,256,0,0,0,0,0,1,0,1,0,0,2.3,87219.36
Lenovo,Ultrabook,Windows 10,1920,1080,2073600,0,0,15.6,1.54,6,256,0,0,0,1,0,0,0,1,0,0,2.7,44275.68
Dell,Notebook,Linux,1920,1080,2073600,0,0,15.6,1.98,8,256,0,0,0,1,0,0,0,1,0,0,2.7,47686.1328
Acer,Notebook,Windows 10,1366,768,1049088,0,0,15.6,2.1,4,0,500,0,0,0,0,1,0,1,0,0,2.0,17742.24
HP,Notebook,Windows 10,1920,1080,2073600,1,0,15.6,2.18,6,0,1024,0,0,1,0,0,0,1,0,0,2.6,42570.72
Asus,Gaming,Windows 10,1920,1080,2073600,1,0,15.6,2.591,8,256,1024,0,0,1,0,0,0,1,0,0,2.6,48431.52
Dell,2 in 1 Convertible,Windows 10,1920,1080,2073600,0,1,15.6,2.09,16,512,0,0,0,0,0,1,0,1,0,0,2.7,62817.12
Acer,Notebook,Windows 10,1920,1080,2073600,0,0,15.6,2.23,4,256,0,0,0,1,0,0,0,1,0,0,2.5,36816.48
Dell,Ultrabook,Linux,3200,1800,5760000,0,1,13.3,1.23,8,256,0,0,0,0,0,1,0,1,0,0,2.4,58554.72
Acer,Gaming,Windows 10,1920,1080,2073600,1,0,17.3,4.2,16,256,1024,0,0,1,0,0,0,1,0,0,2.8,138474.72
Lenovo,Gaming,Windows 10,1920,1080,2073600,1,0,15.6,2.4,8,0,1024,0,0,1,0,0,0,1,0,0,2.5,43636.32
Samsung,2 in 1 Convertible,Chrome OS,2400,1600,3840000,1,1,12.3,1.15,4,0,0,0,32,0,0,0,1,0,0,1,2.0,35111.52
HP,Notebook,Windows 10,1366,768,1049088,0,0,15.6,1.86,4,0,500,0,0,0,0,1,0,1,0,0,2.5,25840.8
Apple,Ultrabook,Mac OS X,2304,1440,3317760,1,0,12.0,0.92,8,0,0,0,256,0,0,1,0,1,0,0,1.1,61964.64
Dell,2 in 1 Convertible,Windows 10,1920,1080,2073600,1,1,13.3,1.6,8,256,0,0,0,0,0,1,0,1,0,0,2.5,63882.72
HP,Notebook,Windows 10,1920,1080,2073600,1,0,15.6,2.21,12,128,1024,0,0,1,0,0,0,1,0,0,2.8,70702.56
Lenovo,Notebook,No OS,1366,768,1049088,0,0,15.6,1.9,4,0,1024,0,0,0,1,0,0,1,0,0,2.0,19607.04
Asus,Gaming,Windows 10,1920,1080,2073600,1,0,17.3,4.3,16,512,1024,0,0,1,0,0,0,1,0,0,2.6,114552.0
Acer,Notebook,Linux,1366,768,1049088,0,0,15.6,2.1,4,0,1024,0,0,0,0,1,0,1,0,0,2.0,14492.16
MSI,Gaming,Windows 10,1920,1080,2073600,0,0,17.3,2.43,16,256,1024,0,0,1,0,0,0,1,0,0,2.8,109165.392
Dell,Notebook,Windows 10,1366,768,1049088,0,0,15.6,2.3,4,128,0,0,0,0,1,0,0,1,0,0,2.0,26586.72
Lenovo,Notebook,No OS,1366,768,1049088,0,0,15.6,2.2,8,0,500,0,0,1,0,0,0,1,0,0,2.5,33513.12
Dell,2 in 1 Convertible,Windows 10,1920,1080,2073600,0,1,15.6,2.0,16,512,0,0,0,0,0,1,0,1,0,0,1.8,68464.8
Dell,Ultrabook,Windows 10,3200,1800,5760000,0,1,13.3,1.2,16,512,0,0,0,0,0,1,0,1,0,0,2.7,142790.4
Asus,Gaming,Windows 10,1920,1080,2073600,0,0,15.6,2.2,8,0,1024,0,0,1,0,0,0,1,0,0,2.6,62284.32
Dell,Notebook,Windows 10,1920,1080,2073600,0,0,15.6,2.36,8,256,0,0,0,0,1,0,0,1,0,0,2.5,47365.92
HP,Notebook,Windows 10,1366,768,1049088,0,0,15.6,1.91,8,256,0,0,0,0,0,1,0,1,0,0,2.5,30849.12
Lenovo,Notebook,Windows 10,1366,768,1049088,0,0,15.6,2.2,4,0,500,0,0,0,1,0,0,0,1,0,2.2,15930.72
Acer,Notebook,Windows 10,1600,900,1440000,0,0,17.3,3.3,8,0,1024,0,0,1,0,0,0,1,0,0,2.0,33513.12
Asus,Gaming,Windows 10,1920,1080,2073600,0,0,15.6,2.2,16,256,1024,0,0,1,0,0,0,1,0,0,2.8,130482.72
Apple,Ultrabook,Mac OS X,2304,1440,3317760,1,0,12.0,0.92,8,0,0,0,512,0,0,1,0,1,0,0,1.2,68145.12
Asus,Notebook,Windows 10,1920,1080,2073600,0,0,15.6,2.2,16,128,1024,0,0,1,0,0,0,1,0,0,2.8,93186.72
MSI,Gaming,Windows 10,1920,1080,2073600,1,0,17.3,2.43,16,256,1024,0,0,1,0,0,0,1,0,0,2.6,103842.1872
Dell,2 in 1 Convertible,Windows 10,1920,1080,2073600,1,1,15.6,2.191,8,256,0,0,0,0,0,1,0,1,0,0,2.5,53226.72
Asus,Gaming,Windows 10,1920,1080,2073600,0,0,17.3,2.9,16,256,1024,0,0,1,0,0,0,1,0,0,2.8,103842.72
Acer,Netbook,Chrome OS,1366,768,1049088,0,0,11.6,1.3,2,32,0,0,0,0,0,1,0,1,0,0,1.5,9270.72
Acer,Notebook,Windows 10,1600,900,1440000,0,0,17.3,3.3,4,0,1024,0,0,1,0,0,0,1,0,0,2.0,31861.44
Lenovo,Notebook,No OS,1600,900,1440000,0,0,17.3,2.8,8,0,1024,0,0,0,0,1,0,1,0,0,2.5,28717.92
Lenovo,Gaming,Windows 10,1920,1080,2073600,1,0,15.6,2.6,8,128,1024,0,0,1,0,0,0,1,0,0,2.6,67772.16
Acer,2 in 1 Convertible,Windows 10,1920,1080,2073600,1,1,14.0,1.2,8,256,0,0,0,0,0,1,0,1,0,0,1.3,61218.72
Lenovo,Notebook,Windows 10,1920,1080,2073600,1,0,15.6,2.3,8,256,0,0,0,0,0,1,0,1,0,0,2.6,81465.12
MSI,Gaming,Windows 10,1920,1080,2073600,0,0,15.6,2.2,8,128,1024,0,0,1,0,0,0,1,0,0,2.6,78647.1408
HP,Notebook,Windows 10,1920,1080,2073600,0,0,15.6,2.1,6,0,1024,0,0,0,1,0,0,0,1,0,2.7,28185.12
Dell,Ultrabook,Windows 7,1920,1080,2073600,0,1,12.5,1.26,8,256,0,0,0,0,0,1,0,1,0,0,2.4,91288.3536
Dell,2 in 1 Convertible,Windows 10,1920,1080,2073600,0,1,15.0,2.08,4,0,500,0,0,0,0,1,0,1,0,0,2.4,27119.52
Asus,Notebook,Windows 10,1366,768,1049088,0,0,15.6,2.65,4,0,1024,0,0,0,0,1,0,1,0,0,1.6,16463.52
Dell,Ultrabook,Windows 10,3200,1800,5760000,0,1,13.3,1.29,8,256,0,0,0,0,0,1,0,1,0,0,2.7,78694.56
Dell,Notebook,Linux,1366,768,1049088,0,0,15.6,2.18,4,0,1024,0,0,0,0,1,0,1,0,0,2.5,27804.7008
Lenovo,Gaming,Windows 10,1920,1080,2073600,1,1,15.6,2.6,16,128,1024,0,0,1,0,0,0,1,0,0,2.6,54825.12
MSI,Gaming,Windows 10,1920,1080,2073600,0,0,15.6,2.2,8,128,1024,0,0,1,0,0,0,1,0,0,2.8,61218.72
Lenovo,Netbook,Windows 10,1920,1080,2073600,1,1,12.5,1.3,16,512,0,0,0,0,0,1,0,1,0,0,2.5,87912.0
Razer,Gaming,Windows 10,1920,1080,2073600,0,0,14.0,1.95,16,1024,0,0,0,1,0,0,0,1,0,0,2.8,186426.72
Dell,Notebook,Windows 10,1366,768,1049088,0,1,15.6,2.3,8,0,1024,0,0,0,0,1,0,1,0,0,2.4,24988.8528
MSI,Gaming,Windows 10,1920,1080,2073600,0,0,17.3,2.7,16,256,1024,0,0,1,0,0,0,1,0,0,2.8,85141.44
Apple,Ultrabook,Mac OS X,1366,768,1049088,0,0,11.6,1.08,4,0,0,0,256,0,0,1,0,1,0,0,1.6,51095.52
HP,Notebook,Windows 10,1920,1080,2073600,0,0,15.6,2.1,4,0,1024,0,0,0,0,1,0,1,0,0,2.0,25467.84
HP,Ultrabook,Windows 7,2560,1440,3686400,0,0,14.0,1.54,8,256,0,0,0,0,0,1,0,1,0,0,2.5,117119.5632
Dell,Notebook,Windows 7,1366,768,1049088,0,0,15.6,2.24,4,0,500,0,0,0,0,1,0,1,0,0,2.3,39267.36
MSI,Gaming,Windows 10,1920,1080,2073600,0,0,15.6,2.3,8,128,1024,0,0,1,0,0,0,1,0,0,2.6,62284.32
Lenovo,Notebook,Windows 10,1920,1080,2073600,1,0,13.3,1.4,16,512,0,0,0,0,0,1,0,1,0,0,2.7,79866.72
Lenovo,Notebook,Windows 10,1920,1080,2073600,0,0,15.6,2.2,6,256,0,0,0,0,1,0,0,0,1,0,3.6,31838.5296
Asus,Ultrabook,Windows 10,1920,1080,2073600,0,0,13.3,1.45,8,256,0,0,0,0,0,1,0,1,0,0,2.5,68198.4
Acer,Notebook,Linux,1366,768,1049088,0,0,15.6,2.4,4,0,500,0,0,0,0,1,0,1,0,0,2.0,19276.704
Dell,2 in 1 Convertible,Windows 10,1920,1080,2073600,0,1,17.3,2.77,16,512,0,0,0,1,0,0,0,1,0,0,2.7,95850.72
HP,Notebook,Windows 7,1920,1080,2073600,0,0,14.0,1.54,4,256,0,0,0,0,0,1,0,1,0,0,2.3,58607.4672
Asus,Gaming,Windows 10,1920,1080,2073600,1,0,15.6,2.5,16,256,1024,0,0,1,0,0,0,1,0,0,2.8,85248.0
Dell,Notebook,Windows 10,1366,768,1049088,0,0,14.0,1.6,4,0,500,0,0,0,0,1,0,1,0,0,2.5,46620.0
Asus,Gaming,Windows 10,1920,1080,2073600,1,0,15.6,2.34,16,256,1024,0,0,1,0,0,0,1,0,0,2.6,123876.0
Lenovo,Notebook,No OS,1920,1080,2073600,1,0,15.6,2.3,8,256,0,0,0,0,0,1,0,1,0,0,2.5,30529.44
Dell,2 in 1 Convertible,Windows 10,3200,1800,5760000,0,1,13.3,1.24,8,256,0,0,0,0,0,1,0,1,0,0,1.2,96596.64
Dell,Notebook,Linux,1366,768,1049088,0,0,15.6,2.2,4,0,500,0,0,0,0,1,0,1,0,0,1.6,17262.72
HP,Notebook,Windows 10,1366,768,1049088,0,0,15.6,1.86,4,0,500,0,0,0,1,0,0,0,1,0,2.5,21258.72
Lenovo,Notebook,Windows 10,1920,1080,2073600,0,0,15.6,2.4,6,128,0,0,0,1,0,0,0,1,0,0,2.3,30316.32
Lenovo,Notebook,Windows 10,1920,1080,2073600,1,0,14.0,1.9,8,256,0,0,0,0,0,1,0,1,0,0,2.3,57116.16
Dell,Notebook,Windows 10,1366,768,1049088,0,0,15.6,2.2,4,0,500,0,0,0,0,1,0,1,0,0,1.6,23655.7872
Asus,Notebook,Windows 10,1366,768,1049088,0,0,15.6,2.0,4,0,1024,0,0,0,0,1,0,1,0,0,1.1,18061.92
Asus,Gaming,Windows 10,1920,1080,2073600,1,0,17.3,4.0,16,128,1024,0,0,1,0,0,0,1,0,0,2.6,101232.0
Dell,Notebook,Windows 10,1366,768,1049088,0,0,15.6,2.29,4,0,500,0,0,0,0,1,0,1,0,0,2.0,26107.2
Lenovo,Notebook,Windows 7,1920,1080,2073600,0,0,15.6,2.32,8,0,0,1024,0,0,1,0,0,1,0,0,2.5,47685.6
MSI,Gaming,Windows 10,1920,1080,2073600,0,0,15.6,2.4,8,128,1024,0,0,1,0,0,0,1,0,0,2.6,65481.12
Lenovo,2 in 1 Convertible,Windows 10,1920,1080,2073600,0,1,14.0,1.8,4,128,0,0,0,0,0,1,0,1,0,0,2.3,44382.7728
Asus,Ultrabook,Windows 10,1920,1080,2073600,1,0,13.3,1.2,8,512,0,0,0,0,0,1,0,1,0,0,0.9,38841.12
Dell,Notebook,Windows 10,1366,768,1049088,0,0,15.6,2.3,6,0,1024,0,0,0,0,1,0,1,0,0,2.4,24455.52
Acer,Notebook,Linux,1366,768,1049088,0,0,15.6,2.4,4,0,500,0,0,0,0,1,0,1,0,0,1.6,15397.92
Dell,Notebook,Windows 10,1366,768,1049088,0,0,15.6,2.2,2,0,500,0,0,0,0,1,0,1,0,0,1.6,20193.12
Lenovo,Notebook,Windows 10,1920,1080,2073600,1,0,15.6,2.6,8,0,1024,0,0,1,0,0,0,1,0,0,2.6,47898.72
HP,Notebook,Windows 10,1920,1080,2073600,0,0,15.6,2.04,6,0,0,1024,0,0,1,0,0,0,1,0,2.9,29303.4672
Dell,Notebook,Linux,1366,768,1049088,0,0,15.6,2.3,8,0,1024,0,0,0,1,0,0,1,0,0,2.7,42943.1472
HP,Netbook,Windows 10,1366,768,1049088,0,0,11.6,1.17,2,0,0,0,32,0,0,1,0,1,0,0,1.6,11135.52
Asus,Notebook,Windows 10,1366,768,1049088,0,0,15.6,2.2,4,0,500,0,0,1,0,0,0,1,0,0,2.5,38378.6496
Lenovo,2 in 1 Convertible,Windows 10,1920,1080,2073600,1,1,14.0,1.8,4,128,0,0,0,0,0,1,0,1,0,0,2.5,33992.64
Lenovo,2 in 1 Convertible,Windows 10,3200,1800,5760000,1,1,13.3,1.3,16,512,0,0,0,0,0,1,0,1,0,0,2.5,79866.72
Lenovo,Notebook,Windows 10,1366,768,1049088,0,0,14.0,1.5,2,0,0,0,64,0,0,1,0,1,0,0,1.6,12201.12
HP,Notebook,Windows 10,1366,768,1049088,0,0,15.6,2.19,6,0,1024,0,0,0,1,0,0,1,0,0,2.5,40705.92
Asus,Notebook,Windows 10,1366,768,1049088,0,0,15.6,2.2,4,0,500,0,0,0,0,1,0,1,0,0,1.6,19660.32
Asus,Ultrabook,Windows 10,1920,1080,2073600,1,0,13.3,1.2,8,512,0,0,0,0,0,1,0,1,0,0,0.9,38841.12
Dell,Notebook,Windows 10,1366,768,1049088,0,0,15.6,2.3,6,0,1024,0,0,0,0,1,0,1,0,0,2.4,24455.52
Acer,Notebook,Linux,1366,768,1049088,0,0,15.6,2.4,4,0,500,0,0,0,0,1,0,1,0,0,1.6,15397.92
Dell,Notebook,Windows 10,1366,768,1049088,0,0,15.6,2.2,2,0,500,0,0,0,0,1,0,1,0,0,1.6,20193.12
Lenovo,Notebook,Windows 10,1920,1080,2073600,1,0,15.6,2.6,8,0,1024,0,0,1,0,0,0,1,0,0,2.6,47898.72
HP,Notebook,Windows 10,1920,1080,2073600,0,0,15.6,2.04,6,0,0,1024,0,0,1,0,0,0,1,0,2.9,29303.4672
Dell,Notebook,Linux,1366,768,1049088,0,0,15.6,2.3,8,0,1024,0,0,0,1,0,0,1,0,0,2.7,42943.1472
HP,Netbook,Windows 10,1366,768,1049088,0,0,11.6,1.17,2,0,0,0,32,0,0,1,0,1,0,0,1.6,11135.52
Asus,Notebook,Windows 10,1366,768,1049088,0,0,15.6,2.2,4,0,500,0,0,1,0,0,0,1,0,0,2.5,38378.6496
Lenovo,2 in 1 Convertible,Windows 10,1920,1080,2073600,1,1,14.0,1.8,4,128,0,0,0,0,0,1,0,1,0,0,2.5,33992.64
Lenovo,2 in 1 Convertible,Windows 10,3200,1800,5760000,1,1,13.3,1.3,16,512,0,0,0,0,0,1,0,1,0,0,2.5,79866.72
Lenovo,Notebook,Windows 10,1366,768,1049088,0,0,14.0,1.5,2,0,0,0,64,0,0,1,0,1,0,0,1.6,12201.12
HP,Notebook,Windows 10,1366,768,1049088,0,0,15.6,2.19,6,0,1024,0,0,0,1,0,0,1,0,0,2.5,40705.92
Asus,Notebook,Windows 10,1366,768,1049088,0,0,15.6,2.2,4,0,500,0,0,0,0,1,0,1,0,0,1.6,19660.32
Asus,Ultrabook,Windows 10,1920,1080,2073600,1,0,13.3,1.2,8,512,0,0,0,0,0,1,0,1,0,0,0.9,38841.12
Dell,Notebook,Windows 10,1366,768,1049088,0,0,15.6,2.3,6,0,1024,0,0,0,0,1,0,1,0,0,2.4,24455.52
Acer,Notebook,Linux,1366,768,1049088,0,0,15.6,2.4,4,0,500,0,0,0,0,1,0,1,0,0,1.6,15397.92
Dell,Notebook,Windows 10,1366,768,1049088,0,0,15.6,2.2,2,0,500,0,0,0,0,1,0,1,0,0,1.6,20193.12
Lenovo,Notebook,Windows 10,1920,1080,2073600,1,0,15.6,2.6,8,0,1024,0,0,1,0,0,0,1,0,0,2.6,47898.72
HP,Notebook,Windows 10,1920,1080,2073600,0,0,15.6,2.04,6,0,0,1024,0,0,1,0,0,0,1,0,2.9,29303.4672
Dell,Notebook,Linux,1366,768,1049088,0,0,15.6,2.3,8,0,1024,0,0,0,1,0,0,1,0,0,2.7,42943.1472
HP,Netbook,Windows 10,1366,768,1049088,0,0,11.6,1.17,2,0,0,0,32,0,0,1,0,1,0,0,1.6,11135.52
Asus,Notebook,Windows 10,1366,768,1049088,0,0,15.6,2.2,4,0,500,0,0,1,0,0,0,1,0,0,2.5,38378.6496
Lenovo,2 in 1 Convertible,Windows 10,1920,1080,2073600,1,1,14.0,1.8,4,128,0,0,0,0,0,1,0,1,0,0,2.5,33992.64
Lenovo,2 in 1 Convertible,Windows 10,3200,1800,5760000,1,1,13.3,1.3,16,512,0,0,0,0,0,1,0,1,0,0,2.5,79866.72
Lenovo,Notebook,Windows 10,1366,768,1049088,0,0,14.0,1.5,2,0,0,0,64,0,0,1,0,1,0,0,1.6,12201.12
HP,Notebook,Windows 10,1366,768,1049088,0,0,15.6,2.19,6,0,1024,0,0,0,1,0,0,1,0,0,2.5,40705.92
Asus,Notebook,Windows 10,1366,768,1049088,0,0,15.6,2.2,4,0,500,0,0,0,0,1,0,1,0,0,1.6,19660.32
